-- Project "Ewys"
INSERT INTO projects (uuid, photo_url, title, categories) VALUES ('81ee526d-beb0-4a71-a192-e2b5a9886146', 'EWYS.jpg', 'Ewys', '4');
INSERT INTO cards (project_uuid,  uuid,  title,  sub_title) VALUES ('81ee526d-beb0-4a71-a192-e2b5a9886146', 'f01f8f51-f944-4a45-91d9-69853471a018', 'Front-end', 'React Native, Three.js');
INSERT INTO cards (project_uuid,  uuid,  title,  sub_title) VALUES ('81ee526d-beb0-4a71-a192-e2b5a9886146', '1667b5ce-e8a4-4bf2-a03d-f01ccb6b3ac6', 'Back-end', 'NodeJs, Express, MySql');
INSERT INTO descriptions (project_uuid, uuid, lang, content) VALUES ('81ee526d-beb0-4a71-a192-e2b5a9886146', '46665051-88f1-4129-af86-ce799687aac2', 'en', 'An application for electronic restaurant menus with augmented reality elements. This innovative solution enhances the dining experience by allowing customers to access the menu via a QR code, view detailed information about each dish, and see a 3D model of the dish in augmented reality.');
INSERT INTO descriptions (project_uuid, uuid, lang, content) VALUES ('81ee526d-beb0-4a71-a192-e2b5a9886146', '7362d175-9cf5-4ef3-ae96-2bc6d0bb3add', 'ru', 'Это приложение для электронных меню с элементами дополненной реальности, предназначенное для улучшения взаимодействия клиентов с меню ресторанов. Привлекательный и удобный интерфейс позволяет погрузиться в мир гастрономических изысков и сделать правильный выбор блюда.');
INSERT INTO descriptions (project_uuid, uuid, lang, content) VALUES ('81ee526d-beb0-4a71-a192-e2b5a9886146', 'c048f12a-99d1-4845-bf68-428af8dc0d7c', 'ja', 'レストラン向けの電子メニューアプリで、拡張現実 (AR) の要素が含まれています。これにより、飲食店は、より効果的なプレゼンテーションと顧客エンゲージメントを提供できます。');
INSERT INTO features (project_uuid, uuid, lang, content) VALUES ('81ee526d-beb0-4a71-a192-e2b5a9886146', '1affe255-b034-43be-bdab-8b1fb1e4d601', 'ja', 'QRコードを使用したレストランメニューの表示：顧客は、QRコードをスキャンすることで簡単にレストランのメニューにアクセスできます。');
INSERT INTO features (project_uuid, uuid, lang, content) VALUES ('81ee526d-beb0-4a71-a192-e2b5a9886146', 'd8c21095-4026-46d8-94b6-6d12f235a32e', 'ja', '個々の料理とその説明、写真、調理時間、材料の表示：アプリは、各料理の詳細情報を提供し、顧客が料理を選ぶ際に役立ちます。');
INSERT INTO features (project_uuid, uuid, lang, content) VALUES ('81ee526d-beb0-4a71-a192-e2b5a9886146', '909f79c6-f646-429c-a03d-400fa32bac60', 'ja', '拡張現実における3Dモデルの表示：AR技術を利用して、顧客は料理の3Dモデルを表示し、料理の見た目や大きさを事前に確認することができます,。');
INSERT INTO features (project_uuid, uuid, lang, content) VALUES ('81ee526d-beb0-4a71-a192-e2b5a9886146', 'e26491fe-8560-4fef-828f-656d28d6131e', 'en', 'Access the restaurant menu through a QR code: Customers can quickly and easily access the menu by scanning a QR code with their smartphone, eliminating the need for physical menus.');
INSERT INTO features (project_uuid, uuid, lang, content) VALUES ('81ee526d-beb0-4a71-a192-e2b5a9886146', '33c35bf9-1d38-49e1-b035-773ac664ff24', 'en', 'View individual dishes with descriptions, photos, preparation time, and ingredients: The application provides detailed information about each dish, including descriptions, high-quality photos, preparation time, and a list of ingredients, so customers know exactly what to expect.');
INSERT INTO features (project_uuid, uuid, lang, content) VALUES ('81ee526d-beb0-4a71-a192-e2b5a9886146', 'b55873a2-c786-4bd0-81ba-f493a955672b', 'en', 'Augmented reality 3D model of dishes: The app takes the dining experience to the next level by allowing customers to view a 3D model of the dish in augmented reality, giving them a better understanding of the dish''s appearance and portion size before ordering.');
INSERT INTO features (project_uuid, uuid, lang, content) VALUES ('81ee526d-beb0-4a71-a192-e2b5a9886146', 'dd5d3587-37c2-4324-8974-922ff92c63f8', 'ru', 'Быстрый доступ к меню ресторана: С помощью QR-кода клиенты могут легко и быстро получить доступ к меню ресторана, избегая контакта с физическими меню.');
INSERT INTO features (project_uuid, uuid, lang, content) VALUES ('81ee526d-beb0-4a71-a192-e2b5a9886146', '88e14fd6-ef8e-4503-b9b0-0cc8c1b7086e', 'ru', 'Подробная информация о блюде: Приложение предоставляет информацию о каждом блюде, включая описание, фотографии, время приготовления и ингредиенты. Это помогает клиентам сделать осознанный выбор и учитывать свои индивидуальные предпочтения и диетические ограничения.');
INSERT INTO features (project_uuid, uuid, lang, content) VALUES ('81ee526d-beb0-4a71-a192-e2b5a9886146', '72ec0864-3f36-4c96-809f-ee385bfbd22c', 'ru', '3D-модели блюд с использованием дополненной реальности: Уникальная функция AR позволяет клиентам рассмотреть трехмерные модели блюд прямо на их столе. Это не только увлекательный опыт, но и дает возможность клиентам представить внешний вид блюда, его размер и порцию перед заказом.');
INSERT INTO photos (project_uuid, uuid, path) VALUES ('81ee526d-beb0-4a71-a192-e2b5a9886146', '0a671f2b-0bb1-4772-8fa0-ceb069888304', 'ewys/1.jpg');
INSERT INTO photos (project_uuid, uuid, path) VALUES ('81ee526d-beb0-4a71-a192-e2b5a9886146', 'f4556346-ecd1-4c0d-8b6a-b8e88bfea54f', 'ewys/2.jpg');
INSERT INTO photos (project_uuid, uuid, path) VALUES ('81ee526d-beb0-4a71-a192-e2b5a9886146', '477db76a-c7af-494a-81bb-eb4cd5521629', 'ewys/3.jpg');
INSERT INTO subtitles( project_uuid, uuid, lang, content) VALUES ('81ee526d-beb0-4a71-a192-e2b5a9886146', 'e2c1af05-6abb-4a83-a167-5b0f16dca32e', 'en', 'Augmented Reality Menu for Restaurants');
INSERT INTO subtitles( project_uuid, uuid, lang, content) VALUES ('81ee526d-beb0-4a71-a192-e2b5a9886146', '1c2ab4ca-fecc-4e68-9854-42d1622a98dd', 'ru', 'Меню с дополненной реальностью для ресторанов');
INSERT INTO subtitles( project_uuid, uuid, lang, content) VALUES ('81ee526d-beb0-4a71-a192-e2b5a9886146', 'da05568e-b5eb-4edd-a4b3-db6ea0b9d467', 'ja', 'レストランのための拡張現実メニュー');


-- Project "Business Up"
INSERT INTO projects (uuid, photo_url, title, categories) VALUES ('0b1dc4ba-541c-49e2-8d67-46875a85ad9f', 'BISUP.jpg', 'Business Up', '2,4');
INSERT INTO cards (project_uuid,  uuid,  title,  sub_title) VALUES ('0b1dc4ba-541c-49e2-8d67-46875a85ad9f', 'eca66cce-6887-4024-8beb-6923b2df5176', 'Front-end', 'Vue.js, VueRouter');
INSERT INTO cards (project_uuid,  uuid,  title,  sub_title) VALUES ('0b1dc4ba-541c-49e2-8d67-46875a85ad9f', 'ea6fe84c-6838-45f7-803c-9fb9eefd6399', 'Back-end', 'Python, Flask, MySql');
INSERT INTO cards (project_uuid,  uuid,  title,  sub_title) VALUES ('0b1dc4ba-541c-49e2-8d67-46875a85ad9f', '124ac976-9dce-451c-bb6d-3da35aa882fb', 'Mobile', 'React Native');
INSERT INTO descriptions (project_uuid, uuid, lang, content) VALUES ('0b1dc4ba-541c-49e2-8d67-46875a85ad9f', '3f06f019-33d6-4b92-ba25-82ca3dc177a7', 'en', 'A platform that develops entrepreneurial skills through online game-based solutions. BUSINESS UP focuses on building development trajectories, supporting business communities, and participating in cyber championships to foster a comprehensive learning experience for aspiring entrepreneurs.');
INSERT INTO descriptions (project_uuid, uuid, lang, content) VALUES ('0b1dc4ba-541c-49e2-8d67-46875a85ad9f', '763989b0-7683-4353-bf68-dfc6324012aa', 'ru', 'Описание: Business Up - это интеллектуальная платформа, созданная для развития предпринимательских навыков и формирования успешных бизнес-траекторий. С помощью инновационных игровых решений, дистанционного обучения и цифрового взаимодействия с бизнес-сообществом, Business Up подготавливает будущих предпринимателей к успешному старту и развитию своего бизнеса.');
INSERT INTO descriptions (project_uuid, uuid, lang, content) VALUES ('0b1dc4ba-541c-49e2-8d67-46875a85ad9f', '6a1d072b-9710-477e-bb92-2fd8af0808a5', 'ja', 'BUSINESS UPは、オンラインゲームソリューションを利用して起業家のスキルを育成するプラットフォームです。開発トラジェクトリー、ビジネスコミュニティのサポート、サイバーチャンピオンシップへの参加を通じて、起業家のスキルを向上させます。');
INSERT INTO features (project_uuid, uuid, lang, content) VALUES ('0b1dc4ba-541c-49e2-8d67-46875a85ad9f', 'bc48ec65-2127-4962-a1c9-82147bbb7f08', 'ja', '評価と評判が表示される個人ダッシュボード：ユーザーは、プラットフォーム内での進捗状況、評価、評判を追跡できる独自のダッシュボードを持っています。');
INSERT INTO features (project_uuid, uuid, lang, content) VALUES ('0b1dc4ba-541c-49e2-8d67-46875a85ad9f', '9f89b3f8-4579-4739-a6fe-f81bf11249e2', 'ja', 'ビジネスゲームとチャンピオンシップ：魅力的なビジネスゲームとチャンピオンシップが、ユーザーが起業家としてのスキルを磨き、競争力を高める楽しい環境を提供します。');
INSERT INTO features (project_uuid, uuid, lang, content) VALUES ('0b1dc4ba-541c-49e2-8d67-46875a85ad9f', 'b2a8eb68-d767-45bc-8e71-8db19dbe8be0', 'ja', '遠隔学習：プラットフォームは遠隔学習の機会を提供し、ユーザーが教育リソースにアクセスし、起業家としての知識を拡大することができます。');
INSERT INTO features (project_uuid, uuid, lang, content) VALUES ('0b1dc4ba-541c-49e2-8d67-46875a85ad9f', '8e6f286c-120e-4bf3-bdea-75887ac15fe4', 'ja', 'デジタルビジネスコミュニティ：BUSINESS UPは、ユーザーがネットワークを構築し、協力し、同じ志を持つ個人とアイデアを交換できるデジタルビジネスコミュニティを育成します。');
INSERT INTO features (project_uuid, uuid, lang, content) VALUES ('0b1dc4ba-541c-49e2-8d67-46875a85ad9f', 'bb3de8ea-5aa6-49dc-94e9-32bd398786da', 'ja', '社会貢献プロジェクト：プラットフォームには、社会貢献プロジェクトのコンポーネントが含まれており、ユーザーが起業家としてのスキルを磨きながら、社会にポジティブな影響を与えることができます。');
INSERT INTO features (project_uuid, uuid, lang, content) VALUES ('0b1dc4ba-541c-49e2-8d67-46875a85ad9f', 'dbec291b-0243-4b61-b37a-b40bd01a8a55', 'en', 'Personal dashboard with ratings and reputation: Users have their own dashboard where they can track their progress, ratings, and reputation within the platform.');
INSERT INTO features (project_uuid, uuid, lang, content) VALUES ('0b1dc4ba-541c-49e2-8d67-46875a85ad9f', 'f80259cb-a6da-4b25-b617-f98c4e7a5035', 'en', 'Business games and championships: Engaging business games and championships provide a competitive and fun environment for users to develop and hone their entrepreneurial skills.');
INSERT INTO features (project_uuid, uuid, lang, content) VALUES ('0b1dc4ba-541c-49e2-8d67-46875a85ad9f', '7cee2856-15bc-4cc6-814d-cbe6574e8dab', 'en', 'Remote learning: The platform offers distance learning opportunities, enabling users to access educational resources and expand their knowledge in the field of entrepreneurship.');
INSERT INTO features (project_uuid, uuid, lang, content) VALUES ('0b1dc4ba-541c-49e2-8d67-46875a85ad9f', 'b767455e-6136-479e-a857-1d5fddc1e857', 'en', 'Digital business community: BUSINESS UP fosters a digital business community where users can network, collaborate, and exchange ideas with like-minded individuals.');
INSERT INTO features (project_uuid, uuid, lang, content) VALUES ('0b1dc4ba-541c-49e2-8d67-46875a85ad9f', 'eced4c67-c872-49be-9102-6aa2c8a7c077', 'en', 'Social project: The platform includes a social project component, allowing users to make a positive impact on society while refining their entrepreneurial skills.');
INSERT INTO features (project_uuid, uuid, lang, content) VALUES ('0b1dc4ba-541c-49e2-8d67-46875a85ad9f', '1d6936fc-5b1c-4870-830a-b5c9636d94de', 'ru', 'Личный кабинет с рейтингом и репутацией: Отслеживайте свой прогресс и соревнуйтесь с другими участниками платформы, занимая приоритетные места в рейтинге и улучшая репутацию.');
INSERT INTO features (project_uuid, uuid, lang, content) VALUES ('0b1dc4ba-541c-49e2-8d67-46875a85ad9f', '17580c7d-50d2-4481-be8b-7e38026272a2', 'ru', 'Бизнес-игры и чемпионаты: Участвуйте в увлекательных бизнес-играх и киберчемпионатах, развивая свои навыки и получая возможность применить их на практике.');
INSERT INTO features (project_uuid, uuid, lang, content) VALUES ('0b1dc4ba-541c-49e2-8d67-46875a85ad9f', '350f83bb-3a04-4b45-8393-bef548e35c96', 'ru', 'Дистанционное обучение: Получайте доступ к высококачественным образовательным материалам и курсам, которые помогут вам освоить ключевые компетенции в сфере предпринимательства.');
INSERT INTO features (project_uuid, uuid, lang, content) VALUES ('0b1dc4ba-541c-49e2-8d67-46875a85ad9f', 'b1e59d19-c344-4b48-9277-4450522ac89b', 'ru', 'Цифровое бизнес-коммьюнити: Взаимодействуйте с другими предпринимателями и экспертами в рамках платформы, обменивайтесь опытом и идеями для успешного развития своего бизнеса.');
INSERT INTO features (project_uuid, uuid, lang, content) VALUES ('0b1dc4ba-541c-49e2-8d67-46875a85ad9f', 'f6ac90e3-c5f4-4d17-a2d8-10706b231cf7', 'ru', 'Социальный проект: Вовлекайтесь в реализацию социальных проектов, которые способствуют улучшению жизни окружающих вас людей и общества в целом.');
INSERT INTO photos (project_uuid, uuid, path) VALUES ('0b1dc4ba-541c-49e2-8d67-46875a85ad9f', '4712ba74-cc09-4874-b4a7-3089d57cfb18', 'business-up/1.jpg');
INSERT INTO photos (project_uuid, uuid, path) VALUES ('0b1dc4ba-541c-49e2-8d67-46875a85ad9f', '375d6789-849f-41da-a4f1-bc6911957783', 'business-up/2.jpg');
INSERT INTO photos (project_uuid, uuid, path) VALUES ('0b1dc4ba-541c-49e2-8d67-46875a85ad9f', 'f47cd698-3527-4764-9796-bdbaeb3dfc18', 'business-up/3.jpg');
INSERT INTO subtitles( project_uuid, uuid, lang, content) VALUES ('0b1dc4ba-541c-49e2-8d67-46875a85ad9f', '5eb83fed-64aa-4792-b3f6-fe6b2ba6d6b7', 'en', 'The platform builds entrepreneurial skills through online gaming solutions.');
INSERT INTO subtitles( project_uuid, uuid, lang, content) VALUES ('0b1dc4ba-541c-49e2-8d67-46875a85ad9f', '6f2644fe-81bb-4325-95ef-38b658b5af66', 'ru', 'Business Up - develop your entrepreneurial skills through the game');
INSERT INTO subtitles( project_uuid, uuid, lang, content) VALUES ('0b1dc4ba-541c-49e2-8d67-46875a85ad9f', '4457dc1f-4e9e-49f1-9e25-e38500ada2b9', 'ja', 'ビジネスアップ-ゲームを通してあなたの起業家のスキルを開発');


-- Project "OWSUP"
INSERT INTO projects (uuid, photo_url, title, categories) VALUES ('8cbad396-598e-435a-a225-822ec541531a', 'OWSUP.jpg', 'OWSUP', '2');
INSERT INTO cards (project_uuid,  uuid,  title,  sub_title) VALUES ('8cbad396-598e-435a-a225-822ec541531a', 'd3379dac-23c1-467c-b9a2-5c05f16bd44e', 'Front-end', 'React, Redux Toolkit, Ant.d');
INSERT INTO cards (project_uuid,  uuid,  title,  sub_title) VALUES ('8cbad396-598e-435a-a225-822ec541531a', '7a675521-f61e-4e52-84d1-41830503e7fc', 'Back-end', 'GoLang, Gin, Gorm, PostgreSQL');
INSERT INTO descriptions (project_uuid, uuid, lang, content) VALUES ('8cbad396-598e-435a-a225-822ec541531a', '8041cc3d-3dbd-4091-9659-ed2e34d1e6b7', 'en', 'A service assistant for sellers on Ozon and Wildberries platforms. OWSUP is designed to optimize sales performance by providing a variety of helpful features, allowing sellers to streamline their operations and maximize profits.');
INSERT INTO descriptions (project_uuid, uuid, lang, content) VALUES ('8cbad396-598e-435a-a225-822ec541531a', 'e465857c-e3cb-480b-9ef4-e775845bc20b', 'ru', 'OWSUP - это интуитивный и удобный сервис-помощник для продавцов на платформах Ozon и Wildberries. Сервис разработан с целью оптимизации продаж и упрощения управления аккаунтами продавцов на обеих площадках. OWSUP предоставляет продавцам все необходимые инструменты и аналитику для успешного ведения бизнеса в сфере электронной коммерции.');
INSERT INTO descriptions (project_uuid, uuid, lang, content) VALUES ('8cbad396-598e-435a-a225-822ec541531a', 'b40899a0-eab9-408e-9e26-521d8eb67c32', 'ja', 'オゾンとワイルドベリーズのプラットフォームでの販売者向けのサービスアシスタント。OWSUPは、さまざまな便利な機能を提供することで、販売者が業務を効率化し、利益を最大化することを目的とした販売パフォーマンスの最適化を行います。');
INSERT INTO features (project_uuid, uuid, lang, content) VALUES ('8cbad396-598e-435a-a225-822ec541531a', 'd88e1648-18d6-4dea-97a0-11174355f102', 'ja', 'アカウント間または販売プラットフォーム間での商品カードのコピー：OWSUPを使用すると、異なるアカウントやプラットフォーム間で商品カードを簡単にコピーでき、複数のストアフロントの管理が簡単になります。');
INSERT INTO features (project_uuid, uuid, lang, content) VALUES ('8cbad396-598e-435a-a225-822ec541531a', '9b935030-bc72-4798-a172-e1a29083036f', 'ja', 'すべてのアカウントの統合分析ダッシュボード：このサービスでは、すべてのユーザーアカウントからのデータを統合した包括的な分析ダッシュボードを提供し、さまざまなプラットフォームでの販売パフォーマンスを監視する便利な方法を提供します。');
INSERT INTO features (project_uuid, uuid, lang, content) VALUES ('8cbad396-598e-435a-a225-822ec541531a', '7cdb0b70-4cb8-417c-a8c5-afd5b5edf098', 'ja', 'すべてのアカウントからの注文分析：OWSUPは、リンクされたすべてのアカウントからの注文データを集約し、販売者が販売履歴を追跡し、トレンドを特定するのが簡単になります。');
INSERT INTO features (project_uuid, uuid, lang, content) VALUES ('8cbad396-598e-435a-a225-822ec541531a', 'efb35d49-3625-4ac2-a6cd-a1f42676dcca', 'ja', '商品配送およびその他の手数料の利益および手数料計算機：このサービスには、販売者が利益を算出し、コミッションや配送費用などのさまざまな手数料を考慮するのに役立つ内蔵の計算機が含まれています。');
INSERT INTO features (project_uuid, uuid, lang, content) VALUES ('8cbad396-598e-435a-a225-822ec541531a', '5512d078-78fd-4d01-8133-4bbe0cf8731e', 'en', 'Copying product cards between accounts or sales platforms: OWSUP allows users to easily copy product cards between different accounts or platforms, simplifying the process of managing multiple storefronts.');
INSERT INTO features (project_uuid, uuid, lang, content) VALUES ('8cbad396-598e-435a-a225-822ec541531a', '6006ec6e-c0ca-416e-a5d9-36a61a7413e7', 'en', 'Unified analytics dashboard for all accounts: The service provides a comprehensive analytics dashboard that consolidates data from all user accounts, offering a convenient way to monitor sales performance across various platforms.');
INSERT INTO features (project_uuid, uuid, lang, content) VALUES ('8cbad396-598e-435a-a225-822ec541531a', '96291225-ed72-469c-81f8-67e8fc6d3a6a', 'en', 'Order analytics from all accounts: OWSUP aggregates order data from all linked accounts, making it easy for sellers to track their sales history and identify trends.');
INSERT INTO features (project_uuid, uuid, lang, content) VALUES ('8cbad396-598e-435a-a225-822ec541531a', '12a4b928-b879-40de-b4bc-b8b079cf4b74', 'en', 'Profit and commission calculators for product delivery and other fees: The service includes built-in calculators to help sellers determine their profits and account for various fees, such as commission and delivery costs.');
INSERT INTO features (project_uuid, uuid, lang, content) VALUES ('8cbad396-598e-435a-a225-822ec541531a', 'd69427d6-edd4-4a01-9dc8-e1321e76cc42', 'ru', 'Копирование карточек товаров между кабинетами или платформами: Благодаря интеграции с Ozon и Wildberries, OWSUP позволяет легко копировать и перемещать карточки товаров между различными аккаунтами и платформами, экономя ваше время и усилия.');
INSERT INTO features (project_uuid, uuid, lang, content) VALUES ('8cbad396-598e-435a-a225-822ec541531a', '0a2b5013-c95b-4534-a882-513b38d389cb', 'ru', 'Общая аналитика всех кабинетов в одном Dashboard: OWSUP предоставляет удобный обзор всех ваших аккаунтов на Ozon и Wildberries в одной панели управления, облегчая анализ и сравнение продаж.');
INSERT INTO features (project_uuid, uuid, lang, content) VALUES ('8cbad396-598e-435a-a225-822ec541531a', '5a0def06-ee2f-402a-9392-4db67739b926', 'ru', 'Аналитика заказов со всех кабинетов: Получайте подробную аналитику заказов с обеих платформ, что позволит вам лучше понимать предпочтения и ожидания вашей целевой аудитории, а также принимать своевременные решения для повышения эффективности продаж.');
INSERT INTO features (project_uuid, uuid, lang, content) VALUES ('8cbad396-598e-435a-a225-822ec541531a', '8b98cb36-5035-4457-979f-a3380f1595d0', 'ru', 'Калькуляторы прибыли и комиссии товара: OWSUP включает в себя инструменты для расчета прибыли и комиссий, связанных с доставкой товаров и другими аспектами ведения бизнеса на платформах Ozon и Wildberries. Это позволяет продавцам точно оценить свою рентабельность и определить оптимальные стратегии ценообразования.');
INSERT INTO photos (project_uuid, uuid, path) VALUES ('8cbad396-598e-435a-a225-822ec541531a', 'cc6503fe-547d-459d-9495-a83c3790cfd2', 'owsup/1.jpg');
INSERT INTO photos (project_uuid, uuid, path) VALUES ('8cbad396-598e-435a-a225-822ec541531a', '16b6b176-bde2-42d3-ab22-de068c9d422d', 'owsup/2.jpg');
INSERT INTO photos (project_uuid, uuid, path) VALUES ('8cbad396-598e-435a-a225-822ec541531a', '2bd4dea1-89f8-47e8-ab2d-c5a9ccb74ff4', 'owsup/3.jpg');
INSERT INTO subtitles( project_uuid, uuid, lang, content) VALUES ('8cbad396-598e-435a-a225-822ec541531a', '44f8451f-8b79-4034-9d6d-445e5749cb25', 'en', 'Optimization of sales on Ozon and Wildberries');
INSERT INTO subtitles( project_uuid, uuid, lang, content) VALUES ('8cbad396-598e-435a-a225-822ec541531a', 'be113bd3-6555-4988-ab6d-f20b73c7dbeb', 'ru', 'Оптимизация продаж на Ozon и Wildberries');
INSERT INTO subtitles( project_uuid, uuid, lang, content) VALUES ('8cbad396-598e-435a-a225-822ec541531a', '479d0c03-a32a-4e80-9dc8-8d1f22917900', 'ja', 'オゾンとワイルドベリーズでの販売最適化');


-- Project "EPICHERISION 2.0"
INSERT INTO projects (uuid, photo_url, title, categories) VALUES ('aec0435f-9ffe-4eed-9f09-2922b70cae16', 'EPICHERISION.jpg', 'EPICHERISION 2.0', '3');
INSERT INTO cards (project_uuid,  uuid,  title,  sub_title) VALUES ('aec0435f-9ffe-4eed-9f09-2922b70cae16', '5a831a1e-2dfa-4264-8f7d-dd10686ed5e5', 'Bot', 'NodeJs, node-html-parser');
INSERT INTO descriptions (project_uuid, uuid, lang, content) VALUES ('aec0435f-9ffe-4eed-9f09-2922b70cae16', 'dcceebcb-465a-4f07-b166-b8e2f584d1fb', 'en', 'A Discord bot designed to provide information about newly arrived products. EPICHERISION is equipped with a variety of parsers for collecting data and generating ATK links, making it a valuable resource for users looking to stay informed about the latest product offerings.');
INSERT INTO descriptions (project_uuid, uuid, lang, content) VALUES ('aec0435f-9ffe-4eed-9f09-2922b70cae16', 'd4ffa2a5-c3f0-48fe-8fb8-a584d61e938a', 'ru', 'EPICHERISION - это интеллектуальный Discord бот, созданный для предоставления информации о поступлении новых товаров в различных магазинах. Благодаря мощным парсерам и гибким настройкам, EPICHERISION обеспечивает своевременные и релевантные оповещения, которые помогут пользователям быть в курсе последних новинок и успеть приобрести желанные товары.');
INSERT INTO descriptions (project_uuid, uuid, lang, content) VALUES ('aec0435f-9ffe-4eed-9f09-2922b70cae16', 'c3635b55-fa21-405e-b58e-3220bba05f52', 'ja', '新しく入荷した製品に関する情報を提供するために設計されたDiscordボット。EPICHERISIONは、データ収集とATKリンク生成のためのさまざまなパーサを備えており、最新の製品情報を追い求めるユーザーにとって貴重なリソースとなります。');
INSERT INTO features (project_uuid, uuid, lang, content) VALUES ('aec0435f-9ffe-4eed-9f09-2922b70cae16', '0dbb1667-20c5-4421-a23e-3cfdf13c7c55', 'ja', 'データとメタデータ用の幅広いパーサ：EPICHERISIONは、ATKリンク生成に必要な標準データとメタデータを収集するための多数のパーサを搭載しており、ユーザーが正確で最新の情報を受け取ることができます。');
INSERT INTO features (project_uuid, uuid, lang, content) VALUES ('aec0435f-9ffe-4eed-9f09-2922b70cae16', 'a1a27ae9-354b-46bd-a8b3-7e15573f7a0e', 'ja', 'カスタマイズ可能なキーワードとカテゴリ選択：ユーザーは、製品選択のためのキーワードとカテゴリを編集でき、ボットの通知を自分の特定の興味や好みに合わせることができます。');
INSERT INTO features (project_uuid, uuid, lang, content) VALUES ('aec0435f-9ffe-4eed-9f09-2922b70cae16', 'df498241-2c85-4870-a217-c3bba676effe', 'ja', '各ストアごとのチャンネル固有の通知：ボットは各ストアごとに別々のチャンネルに製品の更新情報を送信し、ユーザーが必要な情報に簡単にアクセスし、追跡できるようにします。');
INSERT INTO features (project_uuid, uuid, lang, content) VALUES ('aec0435f-9ffe-4eed-9f09-2922b70cae16', 'a53781e3-0196-4284-94fc-3d7631eeb04f', 'ja', 'NikeのオンデマンドATKリンク生成：EPICHERISIONは、管理者がアクティベーションすると、Nike製品のATKリンクを生成できる機能を備えており、ユーザーはショッピング体験をさらにコントロールできます。');
INSERT INTO features (project_uuid, uuid, lang, content) VALUES ('aec0435f-9ffe-4eed-9f09-2922b70cae16', '3f169e5b-0c24-4dce-bc92-065ef2f706f6', 'en', 'Extensive parsers for data and metadata: EPICHERISION is built with numerous parsers to gather both standard data and metadata necessary for generating ATK links, ensuring that users receive accurate and up-to-date information.');
INSERT INTO features (project_uuid, uuid, lang, content) VALUES ('aec0435f-9ffe-4eed-9f09-2922b70cae16', 'b698ca20-a6f6-4dcf-918c-bb9da3c5aa07', 'en', 'Customizable keyword and category selection: Users can edit keywords and categories for product selection, allowing them to tailor the bot''s notifications to their specific interests and preferences.');
INSERT INTO features (project_uuid, uuid, lang, content) VALUES ('aec0435f-9ffe-4eed-9f09-2922b70cae16', 'c97453d6-8f8a-4b8d-9907-0bb2e158549a', 'en', 'Channel-specific notifications for each store: The bot sends product updates to separate channels for each store, ensuring that users can easily access and track the information they need.');
INSERT INTO features (project_uuid, uuid, lang, content) VALUES ('aec0435f-9ffe-4eed-9f09-2922b70cae16', 'c71934de-71a1-4343-8efe-f0421178457d', 'en', 'On-demand ATK link generation for Nike: EPICHERISION is capable of generating ATK links for Nike products upon administrator activation, providing users with even greater control over their shopping experience.');
INSERT INTO features (project_uuid, uuid, lang, content) VALUES ('aec0435f-9ffe-4eed-9f09-2922b70cae16', 'a472422c-4f1e-4d64-922e-2877481df6eb', 'ru', 'Мощные парсеры данных: В процессе реализации EPICHERISION было создано множество парсеров, обрабатывающих как обычные, так и метаданные, необходимые для генерации АТК ссылок.');
INSERT INTO features (project_uuid, uuid, lang, content) VALUES ('aec0435f-9ffe-4eed-9f09-2922b70cae16', '71d21691-b646-482d-af4d-5ad2446a811f', 'ru', 'Гибкая настройка ключевых слов и категорий: Пользователи имеют возможность редактировать ключевые слова и категории товаров, которые они хотят отслеживать, получая только релевантные оповещения.');
INSERT INTO features (project_uuid, uuid, lang, content) VALUES ('aec0435f-9ffe-4eed-9f09-2922b70cae16', 'd2751550-7ccd-4ae9-90e3-cf0ac835ccb4', 'ru', 'Отдельные каналы для разных магазинов: Оповещения о новых товарах отправляются в отдельные каналы для каждого магазина, обеспечивая удобную и структурированную информацию.');
INSERT INTO features (project_uuid, uuid, lang, content) VALUES ('aec0435f-9ffe-4eed-9f09-2922b70cae16', '0c4d567e-c277-4a0a-8208-6e0b831919c9', 'ru', 'Генерация АТК ссылок для Nike: EPICHERISION предоставляет специализированный функционал для генерации атк ссылок для магазина Nike, активируемый администратором сервера.');
INSERT INTO photos (project_uuid, uuid, path) VALUES ('aec0435f-9ffe-4eed-9f09-2922b70cae16', 'f9693463-8102-4331-b727-94a8996a3aaf', 'epicherision/1.jpg');
INSERT INTO photos (project_uuid, uuid, path) VALUES ('aec0435f-9ffe-4eed-9f09-2922b70cae16', '5955cd41-adf3-48f6-9e13-b0fdd704a4cd', 'epicherision/2.jpg');
INSERT INTO photos (project_uuid, uuid, path) VALUES ('aec0435f-9ffe-4eed-9f09-2922b70cae16', '56e6058f-0501-4399-b93f-221f77fab6cf', 'epicherision/3.jpg');
INSERT INTO subtitles( project_uuid, uuid, lang, content) VALUES ('aec0435f-9ffe-4eed-9f09-2922b70cae16', 'c5b02b90-84fd-46c1-bd8b-644132e2cebd', 'en', 'Discord bot for notifications about new products');
INSERT INTO subtitles( project_uuid, uuid, lang, content) VALUES ('aec0435f-9ffe-4eed-9f09-2922b70cae16', '3db30b40-701d-454a-a4f8-a54758853865', 'ru', 'Discord бот для оповещений о новых товарах');
INSERT INTO subtitles( project_uuid, uuid, lang, content) VALUES ('aec0435f-9ffe-4eed-9f09-2922b70cae16', 'ce3d06b9-46a2-4e58-92c1-0f28bac11051', 'ja', '新製品に関する通知のためのDiscordボット');


-- Project "Go Portfolio"
INSERT INTO projects (uuid, photo_url, title, categories) VALUES ('57fe52eb-04d2-4d09-8d9d-29af4f916ef7', 'just-portfolio.jpg', 'Go Portfolio', '2');
INSERT INTO cards (project_uuid,  uuid,  title,  sub_title) VALUES ('57fe52eb-04d2-4d09-8d9d-29af4f916ef7', 'eb300ef5-f7cb-496c-a2b2-80aa49f6f525', 'Front-end', 'React, Redux ToolKit');
INSERT INTO cards (project_uuid,  uuid,  title,  sub_title) VALUES ('57fe52eb-04d2-4d09-8d9d-29af4f916ef7', '656cdc7b-a44b-4c81-b21b-b576140c3263', 'Back-end', 'GoLang, Gin, Gorm, PostgreSQL');
INSERT INTO descriptions (project_uuid, uuid, lang, content) VALUES ('57fe52eb-04d2-4d09-8d9d-29af4f916ef7', '464ba9da-b511-4a0e-81f3-8e2359155bbf', 'en', 'A specialized content management system (CMS) for portfolio websites, written in Go. Go Portfolio is designed to showcase your work in a visually appealing and professional manner, offering a range of features to help you create the perfect online portfolio.');
INSERT INTO descriptions (project_uuid, uuid, lang, content) VALUES ('57fe52eb-04d2-4d09-8d9d-29af4f916ef7', 'cdf591f3-b110-4633-8998-f3d451a7e225', 'ru', 'Go Portfolio - это узкоспециализированный движок для создания сайтов-портфолио, разработанный на языке программирования Go. Простой и мощный, Go Portfolio предоставляет удобную CMS для управления вашим портфолио, сохранения изображений высокого качества и отслеживания популярности проектов.');
INSERT INTO descriptions (project_uuid, uuid, lang, content) VALUES ('57fe52eb-04d2-4d09-8d9d-29af4f916ef7', 'a2507337-d912-43e9-a98d-1392fc689bee', 'ja', 'Go言語で作成されたポートフォリオWebサイトのための専門的なコンテンツ管理システム（CMS）。Go Portfolioは、視覚的に魅力的でプロフェッショナルな方法であなたの作品を展示するように設計されており、完璧なオンラインポートフォリオを作成するのに役立つさまざまな機能を提供しています。');
INSERT INTO features (project_uuid, uuid, lang, content) VALUES ('57fe52eb-04d2-4d09-8d9d-29af4f916ef7', 'dacadd4c-3337-4fe0-a4c8-91fd8f40b339', 'ja', 'プロジェクトの高品質な画像ストレージ：Go Portfolioは、プロジェクトの高解像度画像を保存することができ、作品が最高の品質で表示されることを保証します。');
INSERT INTO features (project_uuid, uuid, lang, content) VALUES ('57fe52eb-04d2-4d09-8d9d-29af4f916ef7', '5522159a-bace-4efc-8032-64d734ce67d5', 'ja', 'Webサイトの管理パネルとしてサービスを使用する：プラットフォームは管理パネルとしても機能し、Webサイトのコンテンツと外観を完全に制御できます。');
INSERT INTO features (project_uuid, uuid, lang, content) VALUES ('57fe52eb-04d2-4d09-8d9d-29af4f916ef7', '1a37dc12-cbb8-4de6-aa01-8add38255c52', 'ja', 'プロジェクトの人気統計を表示：Go Portfolioは、どのプロジェクトが訪問者に最も人気があるかについての洞察を提供し、それに応じてコンテンツ戦略を調整できます。');
INSERT INTO features (project_uuid, uuid, lang, content) VALUES ('57fe52eb-04d2-4d09-8d9d-29af4f916ef7', '1ef8af14-7529-4f1c-b9c9-b2f596492f50', 'en', 'High-quality image storage for projects: Go Portfolio allows you to store high-resolution images for your projects, ensuring that your work is displayed in the best possible quality.');
INSERT INTO features (project_uuid, uuid, lang, content) VALUES ('57fe52eb-04d2-4d09-8d9d-29af4f916ef7', '7ed1601c-5cc8-4a8b-851a-008585cdde16', 'en', 'Use the service as an admin panel for your website: The platform can also function as an admin panel, giving you full control over the content and appearance of your website.');
INSERT INTO features (project_uuid, uuid, lang, content) VALUES ('57fe52eb-04d2-4d09-8d9d-29af4f916ef7', '723e5788-6ac5-4add-b5a4-915f5bcef507', 'en', 'View project popularity statistics: Go Portfolio provides insights into which projects are the most popular among visitors, allowing you to tailor your content strategy accordingly.');
INSERT INTO features (project_uuid, uuid, lang, content) VALUES ('57fe52eb-04d2-4d09-8d9d-29af4f916ef7', '6c1cd62f-422b-4c01-8c5d-8f74268fa5cc', 'ru', 'Хранение изображений высокого качества: Go Portfolio позволяет сохранять изображения ваших проектов в высоком качестве, гарантируя яркое и четкое воспроизведение на вашем сайте.');
INSERT INTO features (project_uuid, uuid, lang, content) VALUES ('57fe52eb-04d2-4d09-8d9d-29af4f916ef7', 'b0766bfb-0834-4a64-9816-2f81f6412493', 'ru', 'Интуитивная админ-панель: Сервис предоставляет удобную и простую в использовании админ-панель для управления содержимым вашего сайта-портфолио.');
INSERT INTO features (project_uuid, uuid, lang, content) VALUES ('57fe52eb-04d2-4d09-8d9d-29af4f916ef7', '22feef98-c64b-4a97-b9de-a4f52e7940eb', 'ru', 'Статистика популярности проектов: Go Portfolio позволяет отслеживать популярность различных проектов на вашем сайте, предоставляя статистику о просмотрах и взаимодействиях посетителей.');
INSERT INTO photos (project_uuid, uuid, path) VALUES ('57fe52eb-04d2-4d09-8d9d-29af4f916ef7', 'b83aeef5-1032-4cc5-adab-86d54f024299', 'just-portfolio/1.jpg');
INSERT INTO photos (project_uuid, uuid, path) VALUES ('57fe52eb-04d2-4d09-8d9d-29af4f916ef7', '6e4ee90f-1a0d-423d-a9de-5c2dff12432a', 'just-portfolio/2.jpg');
INSERT INTO photos (project_uuid, uuid, path) VALUES ('57fe52eb-04d2-4d09-8d9d-29af4f916ef7', '865d027a-abc1-4cca-9075-5001b0493866', 'just-portfolio/3.jpg');
INSERT INTO subtitles( project_uuid, uuid, lang, content) VALUES ('57fe52eb-04d2-4d09-8d9d-29af4f916ef7', 'dd81769f-d3b0-4de0-b547-e00ee70ae3dc', 'en', 'Go Portfolio - an engine for portfolio websites in the Go language');
INSERT INTO subtitles( project_uuid, uuid, lang, content) VALUES ('57fe52eb-04d2-4d09-8d9d-29af4f916ef7', '37bab658-af72-440a-90df-88b9fd674919', 'ru', 'Go Portfolio - движок для сайтов-портфолио на языке Go');
INSERT INTO subtitles( project_uuid, uuid, lang, content) VALUES ('57fe52eb-04d2-4d09-8d9d-29af4f916ef7', '1683c2c0-c51a-4227-9ca5-6f845047e62d', 'ja', 'Go Portfolio - Go言語で作成されたポートフォリオWebサイトのエンジン');


-- Project "EMIAS"
INSERT INTO projects (uuid, photo_url, title, categories) VALUES ('f259e99b-4722-4646-9c48-0de63e6beed4', 'EMIAS.jpg', 'EMIAS', '2');
INSERT INTO cards (project_uuid,  uuid,  title,  sub_title) VALUES ('f259e99b-4722-4646-9c48-0de63e6beed4', '43eadade-03f6-4864-a73b-1a07bc6335e6', 'Front-end', 'Vue, Vue Router');
INSERT INTO cards (project_uuid,  uuid,  title,  sub_title) VALUES ('f259e99b-4722-4646-9c48-0de63e6beed4', 'bab43fc3-3993-47f3-b963-f30de1683aef', 'Back-end', 'NodeJs, Express, MySQL');
INSERT INTO descriptions (project_uuid, uuid, lang, content) VALUES ('f259e99b-4722-4646-9c48-0de63e6beed4', 'e128c818-7949-468c-95a6-08a3cdc232e7', 'en', 'A web platform for EMIAS company employees, designed to facilitate efficient task management and provide real-time updates on task statuses. The platform streamlines workflows and fosters collaboration among team members, enabling them to work more effectively and achieve their goals.');
INSERT INTO descriptions (project_uuid, uuid, lang, content) VALUES ('f259e99b-4722-4646-9c48-0de63e6beed4', 'fe2728be-c1d9-443c-867f-f3a339133c5c', 'ru', 'EMIAS - это уникальная веб-платформа, разработанная специально для сотрудников компании EMIAS. Платформа предоставляет интуитивные инструменты для эффективного управления задачами, отслеживания прогресса команды и предложения идей. EMIAS также включает в себя систему наград и значков, поощряющую активность и достижения сотрудников.');
INSERT INTO descriptions (project_uuid, uuid, lang, content) VALUES ('f259e99b-4722-4646-9c48-0de63e6beed4', '454e66e1-3b78-43b4-b257-a0e1048ef00e', 'ja', 'EMIAS社の従業員向けに設計されたウェブプラットフォームは、効率的なタスク管理を促進し、タスクのステータスに関するリアルタイムの更新を提供します。プラットフォームはワークフローを合理化し、チームメンバー間の協力を促進し、彼らがより効果的に働き、目標を達成することができるようにします。');
INSERT INTO features (project_uuid, uuid, lang, content) VALUES ('f259e99b-4722-4646-9c48-0de63e6beed4', '327aa9c7-b5d7-4014-83d4-0d26d18f22d7', 'ja', '従業員のためのパーソナルダッシュボード：EMIASは、各従業員のパーソナルダッシュボードを備えており、タスクを管理し、整理された状態を維持することができます。');
INSERT INTO features (project_uuid, uuid, lang, content) VALUES ('f259e99b-4722-4646-9c48-0de63e6beed4', '25212f79-9878-4739-876a-5a3e6fcdccb0', 'ja', 'アイデア提出機能：チームメンバーは自分のアイデアを提案することができ、協力的で革新的な作業環境を促進します。');
INSERT INTO features (project_uuid, uuid, lang, content) VALUES ('f259e99b-4722-4646-9c48-0de63e6beed4', '214e805a-e3d0-4c6f-a901-8025bbeb0f26', 'ja', 'チームの進捗状況の追跡：従業員はチームの進捗状況を監視し、プロジェクト内の最新の動向に常に最新情報を保つことができます。');
INSERT INTO features (project_uuid, uuid, lang, content) VALUES ('f259e99b-4722-4646-9c48-0de63e6beed4', 'dd64ccd7-0373-4294-aaa2-492c2fe091e7', 'ja', '功績のあるユーザーにバッジを授与する：プラットフォームは、管理者が特別なバッジを授与することで、優れた従業員を認識し、報われることができます。');
INSERT INTO features (project_uuid, uuid, lang, content) VALUES ('f259e99b-4722-4646-9c48-0de63e6beed4', 'cfc4a8a4-48e9-46cc-b058-868b02def71f', 'en', 'Personal dashboard for employees: EMIAS features a personal dashboard for each employee, allowing them to manage their tasks and stay organized.');
INSERT INTO features (project_uuid, uuid, lang, content) VALUES ('f259e99b-4722-4646-9c48-0de63e6beed4', 'd37fe5af-a28f-4985-ae70-99c9494103b1', 'en', 'Idea submission capability: Team members can propose their own ideas, fostering a collaborative and innovative work environment.');
INSERT INTO features (project_uuid, uuid, lang, content) VALUES ('f259e99b-4722-4646-9c48-0de63e6beed4', '23980e09-bd9a-4ee5-a472-92f10f15293f', 'en', 'Team progress tracking: Employees can monitor their team''s progress and stay up-to-date on the latest developments within their projects.');
INSERT INTO features (project_uuid, uuid, lang, content) VALUES ('f259e99b-4722-4646-9c48-0de63e6beed4', '8e20adc6-b37f-4572-865a-52c9a6d585d0', 'en', 'Awarding badges to deserving users: The platform allows administrators to recognize and reward outstanding employees by granting them special badges.');
INSERT INTO features (project_uuid, uuid, lang, content) VALUES ('f259e99b-4722-4646-9c48-0de63e6beed4', 'a9a2eb53-d540-4f42-8660-8b9bafd1a148', 'ru', 'Личный кабинет для сотрудников: Каждый сотрудник имеет доступ к своему личному кабинету, где он может управлять своими задачами, отслеживать выполнение и следить за актуальным статусом работы.');
INSERT INTO features (project_uuid, uuid, lang, content) VALUES ('f259e99b-4722-4646-9c48-0de63e6beed4', 'f321549a-0f55-414c-87f8-32eb544e743d', 'ru', 'Возможность предлагать идеи: Сотрудники могут предлагать свои идеи для улучшения процессов, продуктов или услуг компании, обсуждать их с коллегами и реализовывать наиболее перспективные предложения.');
INSERT INTO features (project_uuid, uuid, lang, content) VALUES ('f259e99b-4722-4646-9c48-0de63e6beed4', 'a6712ed2-5cd8-4bea-b34a-6a7be6d604c7', 'ru', 'Просмотр прогресса команды: Платформа предоставляет возможность просматривать общий прогресс команды, отслеживать выполнение задач и сравнивать результаты разных подразделений.');
INSERT INTO features (project_uuid, uuid, lang, content) VALUES ('f259e99b-4722-4646-9c48-0de63e6beed4', '71b7e7ab-d3b9-4177-afa7-16d4e23e4dfe', 'ru', 'Система наград и значков: EMIAS включает систему значков, которые могут быть присвоены сотрудникам за особые достижения, активность или вклад в развитие компании. Это способствует мотивации и вовлеченности персонала.');
INSERT INTO photos (project_uuid, uuid, path) VALUES ('f259e99b-4722-4646-9c48-0de63e6beed4', 'f17a9403-9ce0-4ff6-a44c-15dd450e51ca', 'emias/1.jpg');
INSERT INTO photos (project_uuid, uuid, path) VALUES ('f259e99b-4722-4646-9c48-0de63e6beed4', '14b018df-3b1f-4d24-b70b-e9ff064abc9c', 'emias/2.jpg');
INSERT INTO photos (project_uuid, uuid, path) VALUES ('f259e99b-4722-4646-9c48-0de63e6beed4', '36a03373-b56f-4237-a7a4-fce281f7f02d', 'emias/3.jpg');
INSERT INTO subtitles( project_uuid, uuid, lang, content) VALUES ('f259e99b-4722-4646-9c48-0de63e6beed4', '75906860-5ab6-482e-a0bc-805faed4a518', 'en', 'Web platform for EMIAS emploees');
INSERT INTO subtitles( project_uuid, uuid, lang, content) VALUES ('f259e99b-4722-4646-9c48-0de63e6beed4', 'cdbfc7f2-73b9-48e2-bbef-276287bac112', 'ru', 'Веб-платформа для сотрудников компании EMIAS');
INSERT INTO subtitles( project_uuid, uuid, lang, content) VALUES ('f259e99b-4722-4646-9c48-0de63e6beed4', 'f2d08985-fd97-443b-ae13-4aa3c03aa152', 'ja', 'EMIAS従業員向けのウェブプラットフォーム');


-- Project "U.Business"
INSERT INTO projects (uuid, photo_url, title, categories) VALUES ('cde03dbb-30ff-4704-91d7-20d8466159c1', 'UBusiness.jpg', 'U.Business', '2');
INSERT INTO cards (project_uuid,  uuid,  title,  sub_title) VALUES ('cde03dbb-30ff-4704-91d7-20d8466159c1', '3802b23b-aaec-4747-a1b7-30e82550b244', 'Front-end', 'NextJs, i18n');
INSERT INTO descriptions (project_uuid, uuid, lang, content) VALUES ('cde03dbb-30ff-4704-91d7-20d8466159c1', '5611cf8b-745a-45c7-ad09-b583f8c80861', 'en', 'A multilingual website built using Next.js for a company. U.Business features an admin panel for easy text editing, providing a user-friendly experience for both site administrators and visitors.');
INSERT INTO descriptions (project_uuid, uuid, lang, content) VALUES ('cde03dbb-30ff-4704-91d7-20d8466159c1', '98802a7a-73d8-452d-bcce-e97a25751200', 'ru', 'U.Business - это современный и функциональный сайт, разработанный на next.js для компании, предоставляющий мультиязычность и удобную админ-панель для редактирования текста. Сайт обеспечивает гибкость и адаптивность, позволяя компании обращаться к международному рынку с помощью интуитивно понятного и простого в управлении веб-ресурса.');
INSERT INTO descriptions (project_uuid, uuid, lang, content) VALUES ('cde03dbb-30ff-4704-91d7-20d8466159c1', '3fd49416-6b54-4b36-b682-94c666100964', 'ja', '企業向けにNext.jsを使用して構築された多言語ウェブサイトです。U.Businessは、テキスト編集が簡単な管理パネルを備えており、サイト管理者と訪問者の両方にとって使いやすい体験を提供します。');
INSERT INTO features (project_uuid, uuid, lang, content) VALUES ('cde03dbb-30ff-4704-91d7-20d8466159c1', '841f1131-e40a-418c-af93-5dfb6277b9b6', 'ja', 'テキスト編集用の管理パネル：U.Businessには、ウェブサイトのコンテンツが最新かつ関連性のある状態を維持できるように、シンプルなテキスト編集が可能な管理パネルが含まれています。');
INSERT INTO features (project_uuid, uuid, lang, content) VALUES ('cde03dbb-30ff-4704-91d7-20d8466159c1', '7a730ae2-fff6-4737-a925-b61f7f3c2213', 'ja', 'i18nを使用した多言語対応：ウェブサイトはi18nで構築されており、複数の言語をシームレスにサポートし、多様なユーザーに対応しています。');
INSERT INTO features (project_uuid, uuid, lang, content) VALUES ('cde03dbb-30ff-4704-91d7-20d8466159c1', '3f1dc7f3-19ed-4413-a2f4-8b3e4b03518a', 'en', 'Admin panel for text editing: U.Business includes an admin panel that allows for simple text editing, ensuring that the website''s content remains up-to-date and relevant.');
INSERT INTO features (project_uuid, uuid, lang, content) VALUES ('cde03dbb-30ff-4704-91d7-20d8466159c1', '0adbee17-dffe-4f58-bd44-0acbf82bcf2f', 'en', 'Multilingual support with i18n: The website is built with i18n, enabling seamless support for multiple languages and catering to a diverse range of users.');
INSERT INTO features (project_uuid, uuid, lang, content) VALUES ('cde03dbb-30ff-4704-91d7-20d8466159c1', '5c535e51-0fa9-4246-8e76-83f9746f6f15', 'ru', 'Админ-панель для редактирования текста: U.Business предоставляет удобную и простую в использовании админ-панель, которая позволяет редактировать и обновлять текст на сайте без необходимости обращаться к разработчикам.');
INSERT INTO features (project_uuid, uuid, lang, content) VALUES ('cde03dbb-30ff-4704-91d7-20d8466159c1', 'b2d9f65e-656f-4424-a038-a3b44edf85e7', 'ru', 'Мультиязычность с помощью i18n: Благодаря интеграции с библиотекой i18n, сайт поддерживает мультиязычность и позволяет компании легко добавлять новые языковые версии, адаптируясь к потребностям международного рынка.');
INSERT INTO photos (project_uuid, uuid, path) VALUES ('cde03dbb-30ff-4704-91d7-20d8466159c1', 'f7e3f6ec-cda8-4cda-bfeb-95e8d197c77c', 'u-business/1.jpg');
INSERT INTO photos (project_uuid, uuid, path) VALUES ('cde03dbb-30ff-4704-91d7-20d8466159c1', 'eba46ec9-a38c-4fd1-a76d-b7b140fb7442', 'u-business/2.jpg');
INSERT INTO photos (project_uuid, uuid, path) VALUES ('cde03dbb-30ff-4704-91d7-20d8466159c1', 'dfacbe22-57ed-44f4-a077-81f3ab2f4231', 'u-business/3.jpg');
INSERT INTO subtitles( project_uuid, uuid, lang, content) VALUES ('cde03dbb-30ff-4704-91d7-20d8466159c1', 'ea7ce7ee-11c2-4400-a9d0-3991f7ee02de', 'en', 'Multilingual website for a company with an admin panel');
INSERT INTO subtitles( project_uuid, uuid, lang, content) VALUES ('cde03dbb-30ff-4704-91d7-20d8466159c1', 'f7aa9463-c554-42ef-bb30-aff7360436cb', 'ru', 'Мультиязычный сайт для компании с админ-панелью');
INSERT INTO subtitles( project_uuid, uuid, lang, content) VALUES ('cde03dbb-30ff-4704-91d7-20d8466159c1', '8e6c6beb-a7a1-42f4-b673-f664fcf3e5c5', 'ja', '管理パネル付きの企業向け多言語ウェブサイト');


-- Project "Secret Santa"
INSERT INTO projects (uuid, photo_url, title, categories) VALUES ('214d486e-0b5c-4f19-8a25-7399cf7bc18c', 'secret-santa/3.jpg', 'Secret Santa', '2');
INSERT INTO cards (project_uuid,  uuid,  title,  sub_title) VALUES ('214d486e-0b5c-4f19-8a25-7399cf7bc18c', '927ec78c-656c-4ba4-aa57-fc42e3ff9a7b', 'Front-end', 'Vue 2, VueRouter');
INSERT INTO cards (project_uuid,  uuid,  title,  sub_title) VALUES ('214d486e-0b5c-4f19-8a25-7399cf7bc18c', '30612132-f780-4622-9bf6-0d0ba5897085', 'Back-end', 'Python 3, Flask, MySQL');
INSERT INTO descriptions (project_uuid, uuid, lang, content) VALUES ('214d486e-0b5c-4f19-8a25-7399cf7bc18c', '4e43c45b-a2de-461a-ad4d-3bbd7a767561', 'en', 'A "Secret Santa" game designed for the CROC company. This traditional Christmas game involves anonymous gift exchanges among a group of participating individuals, bringing fun and festive cheer to the workplace.');
INSERT INTO descriptions (project_uuid, uuid, lang, content) VALUES ('214d486e-0b5c-4f19-8a25-7399cf7bc18c', '10b18d4f-fa29-43ef-89ac-1689c16d44ea', 'ru', 'Secret Santa - это онлайн-версия традиционной рождественской игры "Тайный Санта" для компании Croc. Цель игры - анонимный обмен подарками между участниками, работающими в разных отделах и специализациях. Secret Santa предоставляет удобный личный кабинет для управления всеми аспектами игры, а также интеллектуальный алгоритм подбора пар и рассылку писем на почту участников.');
INSERT INTO descriptions (project_uuid, uuid, lang, content) VALUES ('214d486e-0b5c-4f19-8a25-7399cf7bc18c', '934f615b-1652-4319-96fe-d8e12abc5604', 'ja', 'CROC社向けにデザインされた「シークレットサンタ」というゲームです。この伝統的なクリスマスゲームは、参加者が匿名でプレゼントを交換することで、職場に楽しさと祝祭の喜びをもたらします。');
INSERT INTO features (project_uuid, uuid, lang, content) VALUES ('214d486e-0b5c-4f19-8a25-7399cf7bc18c', '5cd67582-1f95-4a86-be66-56aed8c8f999', 'ja', '多様なペアリングを作成するアルゴリズム：このゲームでは、独自のアルゴリズムを使用して、異なる専門分野や部門の参加者同士のペアを作成し、すべてのプレイヤーに多様でエンゲージングな体験を提供します。');
INSERT INTO features (project_uuid, uuid, lang, content) VALUES ('214d486e-0b5c-4f19-8a25-7399cf7bc18c', '2258a89e-3038-4673-a700-9936cf28b631', 'ja', 'メール通知：シークレットサンタはメール通知を送信して参加者に情報を提供し、ゲーム全体を通じてスムーズなコミュニケーションが行われるようにします。');
INSERT INTO features (project_uuid, uuid, lang, content) VALUES ('214d486e-0b5c-4f19-8a25-7399cf7bc18c', 'e81c093d-f2cd-410e-88b4-6e2e7c21ae59', 'ja', '個人用ダッシュボード機能：すべてのゲーム機能は、各参加者の個人用ダッシュボードからアクセスできるため、プレイヤーがゲームへの関与を簡単に管理できます。');
INSERT INTO features (project_uuid, uuid, lang, content) VALUES ('214d486e-0b5c-4f19-8a25-7399cf7bc18c', '1409e7e2-02c3-4a22-98e6-6933130891a5', 'en', 'Algorithm for creating diverse pairings: The game uses a unique algorithm to create pairs of participants from different specializations and departments, ensuring a diverse and engaging experience for all players.');
INSERT INTO features (project_uuid, uuid, lang, content) VALUES ('214d486e-0b5c-4f19-8a25-7399cf7bc18c', '5cb00653-2ced-44ff-b41e-31c9f7c6ee30', 'en', 'Email notifications: Secret Santa sends out email notifications to keep participants informed and ensure smooth communication throughout the game.');
INSERT INTO features (project_uuid, uuid, lang, content) VALUES ('214d486e-0b5c-4f19-8a25-7399cf7bc18c', '7f0841ef-d39b-4af0-9ed9-61c4d2a730aa', 'en', 'Personal dashboard features: All game functions can be accessed through each participant''s personal dashboard, making it easy for players to manage their involvement in the game.');
INSERT INTO features (project_uuid, uuid, lang, content) VALUES ('214d486e-0b5c-4f19-8a25-7399cf7bc18c', '0e6d9b58-ca3e-46e3-8de3-1863bc4836b8', 'ru', 'Интеллектуальный алгоритм подбора пар: Secret Santa использует алгоритм, который создает пары для обмена подарками, учитывая разные специализации и отделы участников. Это способствует интерактивности и интеграции сотрудников компании');
INSERT INTO features (project_uuid, uuid, lang, content) VALUES ('214d486e-0b5c-4f19-8a25-7399cf7bc18c', '82091bc0-152c-43cc-8719-cccc3c870869', 'ru', 'Рассылка писем на почту: Все уведомления об игре, включая информацию о вашем "Тайном Санте" и его предпочтениях, отправляются участникам на электронную почту.');
INSERT INTO features (project_uuid, uuid, lang, content) VALUES ('214d486e-0b5c-4f19-8a25-7399cf7bc18c', 'cd68f0ac-f420-44ef-bef0-0feafa21cc88', 'ru', 'Личный кабинет: Secret Santa предоставляет удобный личный кабинет, в котором участники могут управлять своим участием в игре, просматривать информацию о своем "Тайном Санте" и получать уведомления о событиях.');
INSERT INTO photos (project_uuid, uuid, path) VALUES ('214d486e-0b5c-4f19-8a25-7399cf7bc18c', '641719c0-f829-49c3-936a-0d3db291367c', 'secret-santa/1.jpg');
INSERT INTO photos (project_uuid, uuid, path) VALUES ('214d486e-0b5c-4f19-8a25-7399cf7bc18c', '4bac678f-bdb2-472b-b806-4133124d14b4', 'secret-santa/2.jpg');
INSERT INTO photos (project_uuid, uuid, path) VALUES ('214d486e-0b5c-4f19-8a25-7399cf7bc18c', 'bd16ab81-bd85-4671-9400-52c08d5f89e4', 'secret-santa/3.jpg');
INSERT INTO subtitles( project_uuid, uuid, lang, content) VALUES ('214d486e-0b5c-4f19-8a25-7399cf7bc18c', '902026ea-66b8-4d96-8482-ca3da4f72560', 'en', 'Secret Santa for company croc');
INSERT INTO subtitles( project_uuid, uuid, lang, content) VALUES ('214d486e-0b5c-4f19-8a25-7399cf7bc18c', '898b6f02-eecf-41d4-a0c9-90cc39062bea', 'ru', 'Игра "Тайный Санта" для компании croc');
INSERT INTO subtitles( project_uuid, uuid, lang, content) VALUES ('214d486e-0b5c-4f19-8a25-7399cf7bc18c', 'd4a305d7-3600-4f8b-85ce-aeee8655537f', 'ja', 'CROC社のためのシークレットサンタ');
