

-- Project "Ewys"
INSERT INTO projects (uuid, photo_url, title, categories) VALUES ('81ee526d-beb0-4a71-a192-e2b5a9886146', 'ewys/preview', 'Ewys', '4');
INSERT INTO cards (project_uuid,  uuid,  title,  sub_title) VALUES ('81ee526d-beb0-4a71-a192-e2b5a9886146', '4a7b0c3c-ebcd-466d-bb22-d0e017ad1ce7', 'Front-end', 'React Native, Three.js');
INSERT INTO cards (project_uuid,  uuid,  title,  sub_title) VALUES ('81ee526d-beb0-4a71-a192-e2b5a9886146', '073a0596-dd3a-4da6-bdb8-17d893133e50', 'Back-end', 'NodeJs, Express, MySql');
INSERT INTO descriptions (project_uuid, uuid, lang, content) VALUES ('81ee526d-beb0-4a71-a192-e2b5a9886146', '76ad3239-b7b8-4367-81db-643254ce31cf', 'en', 'An application for electronic restaurant menus with augmented reality elements. This innovative solution enhances the dining experience by allowing customers to access the menu via a QR code, view detailed information about each dish, and see a 3D model of the dish in augmented reality.');
INSERT INTO descriptions (project_uuid, uuid, lang, content) VALUES ('81ee526d-beb0-4a71-a192-e2b5a9886146', 'c69d3615-9a2d-43fc-8e17-a6fb8103aedc', 'ru', 'Это приложение для электронных меню с элементами дополненной реальности, предназначенное для улучшения взаимодействия клиентов с меню ресторанов. Привлекательный и удобный интерфейс позволяет погрузиться в мир гастрономических изысков и сделать правильный выбор блюда.');
INSERT INTO descriptions (project_uuid, uuid, lang, content) VALUES ('81ee526d-beb0-4a71-a192-e2b5a9886146', 'a8fdcaea-6c59-4ae9-a989-1912e0fca5c6', 'ja', 'レストラン向けの電子メニューアプリで、拡張現実 (AR) の要素が含まれています。これにより、飲食店は、より効果的なプレゼンテーションと顧客エンゲージメントを提供できます。');
INSERT INTO descriptions (project_uuid, uuid, lang, content) VALUES ('81ee526d-beb0-4a71-a192-e2b5a9886146', 'e4ba6971-1178-4d61-a83a-589808a1d01f', 'de', 'Eine Anwendung für elektronische Restaurantmenüs mit erweiterter Realitätselementen. Diese innovative Lösung verbessert das Esserlebnis, indem sie den Kunden ermöglicht, das Menü über einen QR-Code abzurufen, detaillierte Informationen über jedes Gericht einzusehen und ein 3D-Modell des Gerichts in erweiterter Realität zu sehen.');
INSERT INTO descriptions (project_uuid, uuid, lang, content) VALUES ('81ee526d-beb0-4a71-a192-e2b5a9886146', '94b71f79-64db-403c-8b51-4f6ea9b06abb', 'tr', 'Artırılmış gerçeklik öğeleri içeren elektronik restoran menüleri için bir uygulama. Bu yenilikçi çözüm, müşterilerin menüye bir QR kodu aracılığıyla erişmesine, her yemek hakkında ayrıntılı bilgileri görüntülemesine ve yemeğin artırılmış gerçeklikte 3D modelini görmesine olanak tanıyarak yemek deneyimini geliştirir.');
INSERT INTO descriptions (project_uuid, uuid, lang, content) VALUES ('81ee526d-beb0-4a71-a192-e2b5a9886146', '5c0575b9-0232-41d6-be4c-fd845c0b128c', 'fr', 'Une application de menus de restaurant électroniques avec des éléments de réalité augmentée. Cette solution innovante améliore l''expérience culinaire en permettant aux clients d''accéder au menu via un code QR, de consulter des informations détaillées sur chaque plat et de voir un modèle 3D du plat en réalité augmentée.');
INSERT INTO features (project_uuid, uuid, lang, content) VALUES ('81ee526d-beb0-4a71-a192-e2b5a9886146', '6ccb5c36-d696-4a77-908a-c73b4d5254af', 'ja', 'QRコードを使用したレストランメニューの表示：顧客は、QRコードをスキャンすることで簡単にレストランのメニューにアクセスできます。');
INSERT INTO features (project_uuid, uuid, lang, content) VALUES ('81ee526d-beb0-4a71-a192-e2b5a9886146', '1f748188-dc32-4124-9410-6db4059829a6', 'ja', '個々の料理とその説明、写真、調理時間、材料の表示：アプリは、各料理の詳細情報を提供し、顧客が料理を選ぶ際に役立ちます。');
INSERT INTO features (project_uuid, uuid, lang, content) VALUES ('81ee526d-beb0-4a71-a192-e2b5a9886146', 'c1a13b32-4514-4b86-9cb2-1c92e2c44ced', 'ja', '拡張現実における3Dモデルの表示：AR技術を利用して、顧客は料理の3Dモデルを表示し、料理の見た目や大きさを事前に確認することができます,。');
INSERT INTO features (project_uuid, uuid, lang, content) VALUES ('81ee526d-beb0-4a71-a192-e2b5a9886146', '4ad19bc1-74fd-471c-b4d3-aa436444d9de', 'en', 'Access the restaurant menu through a QR code: Customers can quickly and easily access the menu by scanning a QR code with their smartphone, eliminating the need for physical menus.');
INSERT INTO features (project_uuid, uuid, lang, content) VALUES ('81ee526d-beb0-4a71-a192-e2b5a9886146', '094485f7-7983-449a-9a9f-8eea1c8e0b4b', 'en', 'View individual dishes with descriptions, photos, preparation time, and ingredients: The application provides detailed information about each dish, including descriptions, high-quality photos, preparation time, and a list of ingredients, so customers know exactly what to expect.');
INSERT INTO features (project_uuid, uuid, lang, content) VALUES ('81ee526d-beb0-4a71-a192-e2b5a9886146', '29188d7c-119d-48c5-96a1-eea5a26c56d3', 'en', 'Augmented reality 3D model of dishes: The app takes the dining experience to the next level by allowing customers to view a 3D model of the dish in augmented reality, giving them a better understanding of the dish''''s appearance and portion size before ordering.');
INSERT INTO features (project_uuid, uuid, lang, content) VALUES ('81ee526d-beb0-4a71-a192-e2b5a9886146', '90b5c55b-1c3f-465c-a869-8a2a40c51ead', 'ru', 'Быстрый доступ к меню ресторана: С помощью QR-кода клиенты могут легко и быстро получить доступ к меню ресторана, избегая контакта с физическими меню.');
INSERT INTO features (project_uuid, uuid, lang, content) VALUES ('81ee526d-beb0-4a71-a192-e2b5a9886146', '776e0e61-b223-42cf-a252-6d2fddd92114', 'ru', 'Подробная информация о блюде: Приложение предоставляет информацию о каждом блюде, включая описание, фотографии, время приготовления и ингредиенты. Это помогает клиентам сделать осознанный выбор и учитывать свои индивидуальные предпочтения и диетические ограничения.');
INSERT INTO features (project_uuid, uuid, lang, content) VALUES ('81ee526d-beb0-4a71-a192-e2b5a9886146', 'dee8111a-a2c0-46bd-9e2b-7cedcb051322', 'ru', '3D-модели блюд с использованием дополненной реальности: Уникальная функция AR позволяет клиентам рассмотреть трехмерные модели блюд прямо на их столе. Это не только увлекательный опыт, но и дает возможность клиентам представить внешний вид блюда, его размер и порцию перед заказом.');
INSERT INTO features (project_uuid, uuid, lang, content) VALUES ('81ee526d-beb0-4a71-a192-e2b5a9886146', '00cee6fd-e182-4534-a0b4-3f06462a3c89', 'de', 'Zugang zum Restaurantmenü über einen QR-Code: Kunden können das Menü schnell und einfach abrufen, indem sie mit ihrem Smartphone einen QR-Code scannen, wodurch die Notwendigkeit von physischen Menüs entfällt.');
INSERT INTO features (project_uuid, uuid, lang, content) VALUES ('81ee526d-beb0-4a71-a192-e2b5a9886146', '7b68faa0-c989-458f-a69e-1d720e8d37cb', 'de', 'Einzelne Gerichte mit Beschreibungen, Fotos, Zubereitungszeit und Zutaten anzeigen: Die Anwendung bietet detaillierte Informationen zu jedem Gericht, einschließlich Beschreibungen, hochwertigen Fotos, Zubereitungszeit und einer Liste der Zutaten, sodass Kunden genau wissen, was sie erwarten können.');
INSERT INTO features (project_uuid, uuid, lang, content) VALUES ('81ee526d-beb0-4a71-a192-e2b5a9886146', '4a184382-a5b3-4743-9db9-474942b34289', 'de', 'Erweiterte Realität 3D-Modell von Gerichten: Die App hebt das Esserlebnis auf die nächste Stufe, indem sie Kunden ermöglicht, ein 3D-Modell des Gerichts in erweiterter Realität zu betrachten und so vor der Bestellung ein besseres Verständnis für das Aussehen und die Portionsgröße des Gerichts zu erhalten.');
INSERT INTO features (project_uuid, uuid, lang, content) VALUES ('81ee526d-beb0-4a71-a192-e2b5a9886146', 'c84d49f9-e08e-4eb7-815b-eb7dde3047e8', 'tr', 'QR kodu ile restoran menüsüne erişin: Müşteriler, akıllı telefonlarıyla bir QR kodu tarayarak hızlı ve kolay bir şekilde menüye erişebilir, fiziksel menülere olan ihtiyacı ortadan kaldırır.');
INSERT INTO features (project_uuid, uuid, lang, content) VALUES ('81ee526d-beb0-4a71-a192-e2b5a9886146', 'bc713d98-4fe7-4bd3-a7fa-7ca0570becbe', 'tr', 'Açıklamaları, fotoğrafları, hazırlık süresi ve içerikleri ile bireysel yemekleri görüntüleyin: Uygulama, her yemeğin ayrıntılı bilgilerini sunar, açıklamalar, yüksek kaliteli fotoğraflar, hazırlık süresi ve içerik listesi dahil olmak üzere, böylece müşteriler ne bekleyeceklerini tam olarak bilir.');
INSERT INTO features (project_uuid, uuid, lang, content) VALUES ('81ee526d-beb0-4a71-a192-e2b5a9886146', 'e45bacfa-a69d-44c5-8252-c31c7c1acdca', 'tr', 'Yemeklerin artırılmış gerçeklik 3D modeli: Uygulama, müşterilerin yemeğin artırılmış gerçeklikte 3D modelini görüntülemelerine olanak tanıyarak yemek deneyimini bir üst seviyeye çıkarır ve böylece yemeğin görünümü ve porsiyon büyüklüğü hakkında daha iyi bir anlayış sağlar.');
INSERT INTO features (project_uuid, uuid, lang, content) VALUES ('81ee526d-beb0-4a71-a192-e2b5a9886146', 'd89e952c-0a94-4aad-a4c4-65f70409340b', 'fr', 'Accéder au menu du restaurant via un code QR : Les clients peuvent accéder rapidement et facilement au menu en scannant un code QR avec leur smartphone, éliminant ainsi le besoin de menus physiques.');
INSERT INTO features (project_uuid, uuid, lang, content) VALUES ('81ee526d-beb0-4a71-a192-e2b5a9886146', 'b20a2c5f-116c-49e9-b6ca-891a25284d11', 'fr', 'Voir les plats individuels avec descriptions, photos, temps de préparation et ingrédients : L''''application fournit des informations détaillées sur chaque plat, y compris les descriptions, des photos de haute qualité, le temps de préparation et une liste d''''ingrédients, afin que les clients sachent exactement à quoi s''''attendre.');
INSERT INTO features (project_uuid, uuid, lang, content) VALUES ('81ee526d-beb0-4a71-a192-e2b5a9886146', '48dc358e-b347-4a1f-9c08-1def0753d96b', 'fr', 'Modèle 3D en réalité augmentée des plats : L''''application améliore l''''expérience culinaire en permettant aux clients de visualiser un modèle 3D du plat en réalité augmentée, leur donnant une meilleure compréhension de l''''apparence et de la taille des portions avant de commander.');
INSERT INTO photos (project_uuid, uuid, path) VALUES ('81ee526d-beb0-4a71-a192-e2b5a9886146', '5d5595f7-3c21-4a30-b6be-10c8057b58c2', 'ewys/1');
INSERT INTO photos (project_uuid, uuid, path) VALUES ('81ee526d-beb0-4a71-a192-e2b5a9886146', '9bfe8946-e5cd-4717-9585-2161c488050e', 'ewys/2');
INSERT INTO photos (project_uuid, uuid, path) VALUES ('81ee526d-beb0-4a71-a192-e2b5a9886146', '2af30c90-368e-4966-a961-7ae03d4efcfd', 'ewys/3');
INSERT INTO subtitles( project_uuid, uuid, lang, content) VALUES ('81ee526d-beb0-4a71-a192-e2b5a9886146', '48024ffc-3c23-4ccd-b321-b6ec15e44d5b', 'en', 'Augmented Reality Menu for Restaurants');
INSERT INTO subtitles( project_uuid, uuid, lang, content) VALUES ('81ee526d-beb0-4a71-a192-e2b5a9886146', 'e22b9193-dac3-4b7e-b325-f8d9624f290c', 'ru', 'Меню с дополненной реальностью для ресторанов');
INSERT INTO subtitles( project_uuid, uuid, lang, content) VALUES ('81ee526d-beb0-4a71-a192-e2b5a9886146', '74709fa5-38db-4177-9195-ea9fd8d5f82b', 'ja', 'レストランのための拡張現実メニュー');
INSERT INTO subtitles( project_uuid, uuid, lang, content) VALUES ('81ee526d-beb0-4a71-a192-e2b5a9886146', '76766a85-92f3-48e2-93da-a589452f12f7', 'de', 'Erweiterte Realität Menü für Restaurants');
INSERT INTO subtitles( project_uuid, uuid, lang, content) VALUES ('81ee526d-beb0-4a71-a192-e2b5a9886146', 'a351aa66-0783-403e-82d5-2899a77c097c', 'tr', 'Restoranlar için Artırılmış Gerçeklik Menüsü');
INSERT INTO subtitles( project_uuid, uuid, lang, content) VALUES ('81ee526d-beb0-4a71-a192-e2b5a9886146', '4b2fa055-e63c-4ddc-9e52-1697b79013ae', 'fr', 'Menu en réalité augmentée pour les restaurants');


-- Project "Business Up"
INSERT INTO projects (uuid, photo_url, title, categories) VALUES ('0b1dc4ba-541c-49e2-8d67-46875a85ad9f', 'secret-santa/preview', 'Business Up', '2,4');
INSERT INTO cards (project_uuid,  uuid,  title,  sub_title) VALUES ('0b1dc4ba-541c-49e2-8d67-46875a85ad9f', 'cc01dfb1-a1eb-4f0a-83e8-635807dfdbf3', 'Front-end', 'Vue.js, VueRouter');
INSERT INTO cards (project_uuid,  uuid,  title,  sub_title) VALUES ('0b1dc4ba-541c-49e2-8d67-46875a85ad9f', 'e744b108-a533-4963-8f0e-bbba832730f7', 'Back-end', 'Python, Flask, MySql');
INSERT INTO cards (project_uuid,  uuid,  title,  sub_title) VALUES ('0b1dc4ba-541c-49e2-8d67-46875a85ad9f', 'aac81af4-2fec-4e01-a293-d3332afb51f5', 'Mobile', 'React Native');
INSERT INTO descriptions (project_uuid, uuid, lang, content) VALUES ('0b1dc4ba-541c-49e2-8d67-46875a85ad9f', '85ec6325-0ddc-4217-b6dd-461f08bc380c', 'en', 'A platform that develops entrepreneurial skills through online game-based solutions. BUSINESS UP focuses on building development trajectories, supporting business communities, and participating in cyber championships to foster a comprehensive learning experience for aspiring entrepreneurs.');
INSERT INTO descriptions (project_uuid, uuid, lang, content) VALUES ('0b1dc4ba-541c-49e2-8d67-46875a85ad9f', '5073717a-6a4c-48c9-8f16-0be672c75125', 'ru', 'Business Up - это интеллектуальная платформа, созданная для развития предпринимательских навыков и формирования успешных бизнес-траекторий. С помощью инновационных игровых решений, дистанционного обучения и цифрового взаимодействия с бизнес-сообществом, Business Up подготавливает будущих предпринимателей к успешному старту и развитию своего бизнеса.');
INSERT INTO descriptions (project_uuid, uuid, lang, content) VALUES ('0b1dc4ba-541c-49e2-8d67-46875a85ad9f', 'a88566e7-720f-42d5-9ccf-c42ad4912ccf', 'ja', 'BUSINESS UPは、オンラインゲームソリューションを利用して起業家のスキルを育成するプラットフォームです。開発トラジェクトリー、ビジネスコミュニティのサポート、サイバーチャンピオンシップへの参加を通じて、起業家のスキルを向上させます。');
INSERT INTO descriptions (project_uuid, uuid, lang, content) VALUES ('0b1dc4ba-541c-49e2-8d67-46875a85ad9f', 'ccfbb078-5691-48d3-a79a-fb8a6a264550', 'de', 'Eine Plattform, die unternehmerische Fähigkeiten durch Online-Spiel-basierte Lösungen entwickelt. BUSINESS UP konzentriert sich auf den Aufbau von Entwicklungsverläufen, die Unterstützung von Geschäftsgemeinschaften und die Teilnahme an Cyber-Meisterschaften, um ein umfassendes Lernerlebnis für angehende Unternehmer zu fördern.');
INSERT INTO descriptions (project_uuid, uuid, lang, content) VALUES ('0b1dc4ba-541c-49e2-8d67-46875a85ad9f', 'cb98942f-973f-43f9-bd8a-2b2bed9389a0', 'tr', 'Çevrimiçi oyun tabanlı çözümler aracılığıyla girişimcilik becerilerini geliştiren bir platform. BUSINESS UP, gelişim yörüngeleri oluşturma, iş topluluklarını destekleme ve siber şampiyonalara katılma üzerine yoğunlaşarak, gelecekteki girişimciler için kapsamlı bir öğrenme deneyimi sunar.');
INSERT INTO descriptions (project_uuid, uuid, lang, content) VALUES ('0b1dc4ba-541c-49e2-8d67-46875a85ad9f', '4bec8f50-1bdd-4d5f-a197-497193378732', 'fr', 'Une plateforme qui développe des compétences entrepreneuriales grâce à des solutions basées sur des jeux en ligne. BUSINESS UP se concentre sur la construction de trajectoires de développement, le soutien aux communautés d''affaires et la participation à des championnats cybernétiques pour offrir une expérience d''apprentissage complète aux entrepreneurs en herbe.');
INSERT INTO features (project_uuid, uuid, lang, content) VALUES ('0b1dc4ba-541c-49e2-8d67-46875a85ad9f', '1217e5f5-15cd-41fb-9beb-e2c29a884ee3', 'ja', '評価と評判が表示される個人ダッシュボード：ユーザーは、プラットフォーム内での進捗状況、評価、評判を追跡できる独自のダッシュボードを持っています。');
INSERT INTO features (project_uuid, uuid, lang, content) VALUES ('0b1dc4ba-541c-49e2-8d67-46875a85ad9f', '5e84fe5f-50a2-467f-b689-44824c906bec', 'ja', 'ビジネスゲームとチャンピオンシップ：魅力的なビジネスゲームとチャンピオンシップが、ユーザーが起業家としてのスキルを磨き、競争力を高める楽しい環境を提供します。');
INSERT INTO features (project_uuid, uuid, lang, content) VALUES ('0b1dc4ba-541c-49e2-8d67-46875a85ad9f', '8112fb33-c117-421f-b223-6f3d4a502b88', 'ja', '遠隔学習：プラットフォームは遠隔学習の機会を提供し、ユーザーが教育リソースにアクセスし、起業家としての知識を拡大することができます。');
INSERT INTO features (project_uuid, uuid, lang, content) VALUES ('0b1dc4ba-541c-49e2-8d67-46875a85ad9f', 'd333b648-deec-4af1-8c69-b55520e0e49e', 'ja', 'デジタルビジネスコミュニティ：BUSINESS UPは、ユーザーがネットワークを構築し、協力し、同じ志を持つ個人とアイデアを交換できるデジタルビジネスコミュニティを育成します。');
INSERT INTO features (project_uuid, uuid, lang, content) VALUES ('0b1dc4ba-541c-49e2-8d67-46875a85ad9f', 'e8aa5b1b-e25a-437b-966b-bac15c8171d8', 'ja', '社会貢献プロジェクト：プラットフォームには、社会貢献プロジェクトのコンポーネントが含まれており、ユーザーが起業家としてのスキルを磨きながら、社会にポジティブな影響を与えることができます。');
INSERT INTO features (project_uuid, uuid, lang, content) VALUES ('0b1dc4ba-541c-49e2-8d67-46875a85ad9f', '0c6ff142-0c51-46a8-974c-9f1c3b88a7c7', 'en', 'Personal dashboard with ratings and reputation: Users have their own dashboard where they can track their progress, ratings, and reputation within the platform.');
INSERT INTO features (project_uuid, uuid, lang, content) VALUES ('0b1dc4ba-541c-49e2-8d67-46875a85ad9f', 'f3b1a253-2b02-4d31-ba54-2dc02ca6cf04', 'en', 'Business games and championships: Engaging business games and championships provide a competitive and fun environment for users to develop and hone their entrepreneurial skills.');
INSERT INTO features (project_uuid, uuid, lang, content) VALUES ('0b1dc4ba-541c-49e2-8d67-46875a85ad9f', '1f48d759-f04e-4321-9476-496ddefc907f', 'en', 'Remote learning: The platform offers distance learning opportunities, enabling users to access educational resources and expand their knowledge in the field of entrepreneurship.');
INSERT INTO features (project_uuid, uuid, lang, content) VALUES ('0b1dc4ba-541c-49e2-8d67-46875a85ad9f', 'bd8f1f2e-30dc-4280-8e3c-a81c2434fd3c', 'en', 'Digital business community: BUSINESS UP fosters a digital business community where users can network, collaborate, and exchange ideas with like-minded individuals.');
INSERT INTO features (project_uuid, uuid, lang, content) VALUES ('0b1dc4ba-541c-49e2-8d67-46875a85ad9f', '8864afeb-4060-4a46-aa2d-14360b35dcab', 'en', 'Social project: The platform includes a social project component, allowing users to make a positive impact on society while refining their entrepreneurial skills.');
INSERT INTO features (project_uuid, uuid, lang, content) VALUES ('0b1dc4ba-541c-49e2-8d67-46875a85ad9f', '369566da-3774-4c83-8525-13e2d999c5e9', 'ru', 'Личный кабинет с рейтингом и репутацией: Отслеживайте свой прогресс и соревнуйтесь с другими участниками платформы, занимая приоритетные места в рейтинге и улучшая репутацию.');
INSERT INTO features (project_uuid, uuid, lang, content) VALUES ('0b1dc4ba-541c-49e2-8d67-46875a85ad9f', '5531a27d-04b6-4520-9dce-8c9c89485935', 'ru', 'Бизнес-игры и чемпионаты: Участвуйте в увлекательных бизнес-играх и киберчемпионатах, развивая свои навыки и получая возможность применить их на практике.');
INSERT INTO features (project_uuid, uuid, lang, content) VALUES ('0b1dc4ba-541c-49e2-8d67-46875a85ad9f', '18876de9-7225-4c78-9572-18896b123351', 'ru', 'Дистанционное обучение: Получайте доступ к высококачественным образовательным материалам и курсам, которые помогут вам освоить ключевые компетенции в сфере предпринимательства.');
INSERT INTO features (project_uuid, uuid, lang, content) VALUES ('0b1dc4ba-541c-49e2-8d67-46875a85ad9f', '81ec13de-780b-4bf7-851e-25c6fe97d1f6', 'ru', 'Цифровое бизнес-коммьюнити: Взаимодействуйте с другими предпринимателями и экспертами в рамках платформы, обменивайтесь опытом и идеями для успешного развития своего бизнеса.');
INSERT INTO features (project_uuid, uuid, lang, content) VALUES ('0b1dc4ba-541c-49e2-8d67-46875a85ad9f', '0670252a-39b1-4aed-9bc0-bdab1664c42e', 'ru', 'Социальный проект: Вовлекайтесь в реализацию социальных проектов, которые способствуют улучшению жизни окружающих вас людей и общества в целом.');
INSERT INTO features (project_uuid, uuid, lang, content) VALUES ('0b1dc4ba-541c-49e2-8d67-46875a85ad9f', '2715cf31-4c3e-4765-b470-e889a728d9bb', 'de', 'Persönliches Dashboard mit Bewertungen und Reputation: Benutzer verfügen über ein eigenes Dashboard, auf dem sie ihren Fortschritt, ihre Bewertungen und ihren Ruf innerhalb der Plattform verfolgen können.');
INSERT INTO features (project_uuid, uuid, lang, content) VALUES ('0b1dc4ba-541c-49e2-8d67-46875a85ad9f', '8b1b33ee-8c32-4f3e-946b-a179234db01f', 'de', 'Business-Spiele und Meisterschaften: Spannende Business-Spiele und Meisterschaften bieten eine wettbewerbsfähige und unterhaltsame Umgebung, in der Benutzer ihre unternehmerischen Fähigkeiten entwickeln und verfeinern können.');
INSERT INTO features (project_uuid, uuid, lang, content) VALUES ('0b1dc4ba-541c-49e2-8d67-46875a85ad9f', 'ea3deff5-a3cc-43b1-ac40-d2d3f73b241d', 'de', 'Fernlernen: Die Plattform bietet Möglichkeiten zum Fernlernen und ermöglicht es Benutzern, auf Bildungsressourcen zuzugreifen und ihr Wissen im Bereich Unternehmertum zu erweitern.');
INSERT INTO features (project_uuid, uuid, lang, content) VALUES ('0b1dc4ba-541c-49e2-8d67-46875a85ad9f', '580d49b6-20f5-4e7c-97cb-959bb08a4bce', 'de', 'Digitale Geschäftsgemeinschaft: BUSINESS UP fördert eine digitale Geschäftsgemeinschaft, in der Benutzer Kontakte knüpfen, zusammenarbeiten und Ideen mit Gleichgesinnten austauschen können.');
INSERT INTO features (project_uuid, uuid, lang, content) VALUES ('0b1dc4ba-541c-49e2-8d67-46875a85ad9f', '24622b08-a7ee-465d-bfbf-cbecb58547e4', 'de', 'Soziales Projekt: Die Plattform beinhaltet eine soziale Projekt-Komponente, die es Benutzern ermöglicht, einen positiven Einfluss auf die Gesellschaft zu nehmen und gleichzeitig ihre unternehmerischen Fähigkeiten zu verfeinern.');
INSERT INTO features (project_uuid, uuid, lang, content) VALUES ('0b1dc4ba-541c-49e2-8d67-46875a85ad9f', 'b2aa40d8-aa36-4e89-8405-3794663f8b4f', 'tr', 'Puan ve itibar içeren kişisel kontrol paneli: Kullanıcıların, platformdaki ilerlemelerini, puanlarını ve itibarını takip edebilecekleri kendi kontrol paneli bulunmaktadır.');
INSERT INTO features (project_uuid, uuid, lang, content) VALUES ('0b1dc4ba-541c-49e2-8d67-46875a85ad9f', '0a501107-f8d7-48ca-950a-d82b33964b5b', 'tr', 'İş oyunları ve şampiyonalar: Kullanıcıların girişimcilik becerilerini geliştirmeleri ve mükemmelleştirmeleri için rekabetçi ve eğlenceli bir ortam sunan etkileyici iş oyunları ve şampiyonaları.');
INSERT INTO features (project_uuid, uuid, lang, content) VALUES ('0b1dc4ba-541c-49e2-8d67-46875a85ad9f', '196af4dc-a851-484b-acad-7a70a3ca847f', 'tr', 'Uzaktan öğrenme: Platform, kullanıcıların eğitim kaynaklarına erişebilmelerini ve girişimcilik alanındaki bilgilerini genişletmelerini sağlayan uzaktan öğrenme fırsatları sunar.');
INSERT INTO features (project_uuid, uuid, lang, content) VALUES ('0b1dc4ba-541c-49e2-8d67-46875a85ad9f', '34752608-4e8a-4bfc-a9ba-574dae556cd2', 'tr', 'Dijital iş topluluğu: BUSINESS UP, kullanıcıların benzer düşünen bireylerle iletişim kurabileceği, işbirliği yapabileceği ve fikir alışverişinde bulunabileceği dijital bir iş topluluğunu teşvik eder.');
INSERT INTO features (project_uuid, uuid, lang, content) VALUES ('0b1dc4ba-541c-49e2-8d67-46875a85ad9f', 'e68ad861-6304-4ad6-827b-f748e6bd6a9b', 'tr', 'Sosyal proje: Platform, kullanıcıların girişimcilik becerilerini geliştirirken toplum üzerinde olumlu bir etki yapmalarını sağlayan bir sosyal proje bileşenini içerir.');
INSERT INTO features (project_uuid, uuid, lang, content) VALUES ('0b1dc4ba-541c-49e2-8d67-46875a85ad9f', '69594656-3b9a-4c59-93fd-b44563dc7ade', 'fr', 'Tableau de bord personnel avec notes et réputation : Les utilisateurs disposent de leur propre tableau de bord où ils peuvent suivre leur progression, leurs notes et leur réputation au sein de la plateforme.');
INSERT INTO features (project_uuid, uuid, lang, content) VALUES ('0b1dc4ba-541c-49e2-8d67-46875a85ad9f', '237b8f2d-e605-4c3a-9650-f103be3c2df5', 'fr', 'Jeux d''''affaires et championnats : Des jeux d''''affaires captivants et des championnats offrent un environnement compétitif et amusant pour les utilisateurs afin de développer et d''''affiner leurs compétences entrepreneuriales.');
INSERT INTO features (project_uuid, uuid, lang, content) VALUES ('0b1dc4ba-541c-49e2-8d67-46875a85ad9f', '321060d8-2958-4947-a23a-0e95ac0c43a8', 'fr', 'Apprentissage à distance : La plateforme propose des opportunités d''''apprentissage à distance, permettant aux utilisateurs d''''accéder à des ressources éducatives et d''''étendre leurs connaissances dans le domaine de l''''entrepreneuriat.');
INSERT INTO features (project_uuid, uuid, lang, content) VALUES ('0b1dc4ba-541c-49e2-8d67-46875a85ad9f', 'eb0d5eba-edcb-4549-910b-ba99c52fd830', 'fr', 'Communauté d''''affaires numérique : BUSINESS UP favorise une communauté d''''affaires numérique où les utilisateurs peuvent réseauter, collaborer et échanger des idées avec des personnes partageant les mêmes idées.');
INSERT INTO features (project_uuid, uuid, lang, content) VALUES ('0b1dc4ba-541c-49e2-8d67-46875a85ad9f', '54da96a2-86b5-4425-87bd-b3a7b5b5138f', 'fr', 'Projet social : La plateforme comprend un volet de projet social, permettant aux utilisateurs d''''avoir un impact positif sur la société tout en affinant leurs compétences entrepreneuriales.');
INSERT INTO photos (project_uuid, uuid, path) VALUES ('0b1dc4ba-541c-49e2-8d67-46875a85ad9f', '57ef640a-8c14-4cf2-aa68-86d88c8f4273', 'business-up/1');
INSERT INTO photos (project_uuid, uuid, path) VALUES ('0b1dc4ba-541c-49e2-8d67-46875a85ad9f', 'b53e8936-ad8f-41fe-80bc-05be91ec2ff3', 'business-up/2');
INSERT INTO photos (project_uuid, uuid, path) VALUES ('0b1dc4ba-541c-49e2-8d67-46875a85ad9f', '8521fffb-bcbb-4b96-9561-b94b24c56b85', 'business-up/3');
INSERT INTO subtitles( project_uuid, uuid, lang, content) VALUES ('0b1dc4ba-541c-49e2-8d67-46875a85ad9f', '8e06c1d0-afcf-4c56-a851-41b4f7e667ca', 'en', 'The platform builds entrepreneurial skills through online gaming solutions.');
INSERT INTO subtitles( project_uuid, uuid, lang, content) VALUES ('0b1dc4ba-541c-49e2-8d67-46875a85ad9f', 'be6341cd-e738-4dd2-8d91-f502f29070b9', 'ru', 'Business Up - develop your entrepreneurial skills through the game');
INSERT INTO subtitles( project_uuid, uuid, lang, content) VALUES ('0b1dc4ba-541c-49e2-8d67-46875a85ad9f', '01ff04f4-fccd-4fa7-8103-6c90d27cbfda', 'ja', 'ビジネスアップ-ゲームを通してあなたの起業家のスキルを開発');
INSERT INTO subtitles( project_uuid, uuid, lang, content) VALUES ('0b1dc4ba-541c-49e2-8d67-46875a85ad9f', '4645a06b-d9c6-499c-a5c7-1b48ffe2869a', 'de', 'Die Plattform entwickelt unternehmerische Fähigkeiten durch Online-Spiellösungen.');
INSERT INTO subtitles( project_uuid, uuid, lang, content) VALUES ('0b1dc4ba-541c-49e2-8d67-46875a85ad9f', '1d4a4826-c721-4032-b028-138df9d1a2c6', 'tr', 'Platform, çevrimiçi oyun çözümleri aracılığıyla girişimcilik becerilerini geliştirir.');
INSERT INTO subtitles( project_uuid, uuid, lang, content) VALUES ('0b1dc4ba-541c-49e2-8d67-46875a85ad9f', '6ad65cb7-bccb-4fa8-81f2-73cfb90ba3a1', 'fr', 'La plateforme développe des compétences entrepreneuriales grâce à des solutions de jeux en ligne.');


-- Project "OWSUP"
INSERT INTO projects (uuid, photo_url, title, categories) VALUES ('8cbad396-598e-435a-a225-822ec541531a', 'owsup/preview', 'OWSUP', '2');
INSERT INTO cards (project_uuid,  uuid,  title,  sub_title) VALUES ('8cbad396-598e-435a-a225-822ec541531a', '5ac85a0a-8a0f-49ed-beda-8ad41a8422df', 'Front-end', 'React, Redux Toolkit, Ant.d');
INSERT INTO cards (project_uuid,  uuid,  title,  sub_title) VALUES ('8cbad396-598e-435a-a225-822ec541531a', 'a6ca24c5-07c8-4543-a9e1-6f288d8945f2', 'Back-end', 'GoLang, Gin, Gorm, PostgreSQL');
INSERT INTO descriptions (project_uuid, uuid, lang, content) VALUES ('8cbad396-598e-435a-a225-822ec541531a', '8cbce4a6-3d9a-44cc-9b47-5c1fd2e90937', 'en', 'A service assistant for sellers on Ozon and Wildberries platforms. OWSUP is designed to optimize sales performance by providing a variety of helpful features, allowing sellers to streamline their operations and maximize profits.');
INSERT INTO descriptions (project_uuid, uuid, lang, content) VALUES ('8cbad396-598e-435a-a225-822ec541531a', '14d317c2-7c48-42ce-9830-32fbbef84a48', 'ru', 'OWSUP - это интуитивный и удобный сервис-помощник для продавцов на платформах Ozon и Wildberries. Сервис разработан с целью оптимизации продаж и упрощения управления аккаунтами продавцов на обеих площадках. OWSUP предоставляет продавцам все необходимые инструменты и аналитику для успешного ведения бизнеса в сфере электронной коммерции.');
INSERT INTO descriptions (project_uuid, uuid, lang, content) VALUES ('8cbad396-598e-435a-a225-822ec541531a', '9e67a9a5-d7f8-4fcd-a19f-0d22e4f30555', 'ja', 'オゾンとワイルドベリーズのプラットフォームでの販売者向けのサービスアシスタント。OWSUPは、さまざまな便利な機能を提供することで、販売者が業務を効率化し、利益を最大化することを目的とした販売パフォーマンスの最適化を行います。');
INSERT INTO descriptions (project_uuid, uuid, lang, content) VALUES ('8cbad396-598e-435a-a225-822ec541531a', '86f7cdb7-27c5-490a-a22d-7f8a6711a4f5', 'de', 'Ein Serviceassistent für Verkäufer auf den Plattformen Ozon und Wildberries. OWSUP wurde entwickelt, um die Verkaufsleistung zu optimieren, indem eine Vielzahl hilfreicher Funktionen bereitgestellt wird, die es Verkäufern ermöglichen, ihre Abläufe zu straffen und den Gewinn zu maximieren.');
INSERT INTO descriptions (project_uuid, uuid, lang, content) VALUES ('8cbad396-598e-435a-a225-822ec541531a', 'bcd533e2-1b4c-41dc-9265-ffd000853626', 'tr', 'Ozon ve Wildberries platformlarındaki satıcılar için bir hizmet asistanı. OWSUP, satıcıların işlemlerini düzenlemelerine ve karlarını en üst düzeye çıkarmalarına olanak tanıyan çeşitli yardımcı özellikler sunarak satış performansını optimize etmek için tasarlanmıştır.');
INSERT INTO descriptions (project_uuid, uuid, lang, content) VALUES ('8cbad396-598e-435a-a225-822ec541531a', '288b519a-8339-4a77-8f38-5b963bdd71f6', 'fr', 'Un assistant de service pour les vendeurs sur les plateformes Ozon et Wildberries. OWSUP est conçu pour optimiser les performances de vente en fournissant une variété de fonctionnalités utiles, permettant aux vendeurs de rationaliser leurs opérations et de maximiser leurs profits.');
INSERT INTO features (project_uuid, uuid, lang, content) VALUES ('8cbad396-598e-435a-a225-822ec541531a', '49161bd4-58aa-4681-baa4-588eb6de9640', 'ja', 'アカウント間または販売プラットフォーム間での商品カードのコピー：OWSUPを使用すると、異なるアカウントやプラットフォーム間で商品カードを簡単にコピーでき、複数のストアフロントの管理が簡単になります。');
INSERT INTO features (project_uuid, uuid, lang, content) VALUES ('8cbad396-598e-435a-a225-822ec541531a', '22cc9b91-9b26-4e71-b7c6-3288d476c348', 'ja', 'すべてのアカウントの統合分析ダッシュボード：このサービスでは、すべてのユーザーアカウントからのデータを統合した包括的な分析ダッシュボードを提供し、さまざまなプラットフォームでの販売パフォーマンスを監視する便利な方法を提供します。');
INSERT INTO features (project_uuid, uuid, lang, content) VALUES ('8cbad396-598e-435a-a225-822ec541531a', '54d281c3-bcf4-48e5-96eb-538efcb28bf4', 'ja', 'すべてのアカウントからの注文分析：OWSUPは、リンクされたすべてのアカウントからの注文データを集約し、販売者が販売履歴を追跡し、トレンドを特定するのが簡単になります。');
INSERT INTO features (project_uuid, uuid, lang, content) VALUES ('8cbad396-598e-435a-a225-822ec541531a', '57b919cc-6aaa-48f8-b575-4750063764c9', 'ja', '商品配送およびその他の手数料の利益および手数料計算機：このサービスには、販売者が利益を算出し、コミッションや配送費用などのさまざまな手数料を考慮するのに役立つ内蔵の計算機が含まれています。');
INSERT INTO features (project_uuid, uuid, lang, content) VALUES ('8cbad396-598e-435a-a225-822ec541531a', '66c69cf0-e8ce-44ca-b26c-bc3d5f1d5e73', 'en', 'Copying product cards between accounts or sales platforms: OWSUP allows users to easily copy product cards between different accounts or platforms, simplifying the process of managing multiple storefronts.');
INSERT INTO features (project_uuid, uuid, lang, content) VALUES ('8cbad396-598e-435a-a225-822ec541531a', '9a117027-29c3-48b2-b47e-097bcd6a2cd6', 'en', 'Unified analytics dashboard for all accounts: The service provides a comprehensive analytics dashboard that consolidates data from all user accounts, offering a convenient way to monitor sales performance across various platforms.');
INSERT INTO features (project_uuid, uuid, lang, content) VALUES ('8cbad396-598e-435a-a225-822ec541531a', '3de5f23d-a144-434b-a592-682cd52b7405', 'en', 'Order analytics from all accounts: OWSUP aggregates order data from all linked accounts, making it easy for sellers to track their sales history and identify trends.');
INSERT INTO features (project_uuid, uuid, lang, content) VALUES ('8cbad396-598e-435a-a225-822ec541531a', 'e2e680a3-dda1-47a4-83df-a86a525e0bb5', 'en', 'Profit and commission calculators for product delivery and other fees: The service includes built-in calculators to help sellers determine their profits and account for various fees, such as commission and delivery costs.');
INSERT INTO features (project_uuid, uuid, lang, content) VALUES ('8cbad396-598e-435a-a225-822ec541531a', 'fda77da2-5e29-4c09-887a-fc4a97f63b51', 'ru', 'Копирование карточек товаров между кабинетами или платформами: Благодаря интеграции с Ozon и Wildberries, OWSUP позволяет легко копировать и перемещать карточки товаров между различными аккаунтами и платформами, экономя ваше время и усилия.');
INSERT INTO features (project_uuid, uuid, lang, content) VALUES ('8cbad396-598e-435a-a225-822ec541531a', 'b6377072-d9ef-41cc-859f-e657f16c687c', 'ru', 'Общая аналитика всех кабинетов в одном Dashboard: OWSUP предоставляет удобный обзор всех ваших аккаунтов на Ozon и Wildberries в одной панели управления, облегчая анализ и сравнение продаж.');
INSERT INTO features (project_uuid, uuid, lang, content) VALUES ('8cbad396-598e-435a-a225-822ec541531a', '7257a51b-3c7c-4129-a303-16a002118714', 'ru', 'Аналитика заказов со всех кабинетов: Получайте подробную аналитику заказов с обеих платформ, что позволит вам лучше понимать предпочтения и ожидания вашей целевой аудитории, а также принимать своевременные решения для повышения эффективности продаж.');
INSERT INTO features (project_uuid, uuid, lang, content) VALUES ('8cbad396-598e-435a-a225-822ec541531a', '77b69693-76dd-4b31-bc76-d621485cbd9c', 'ru', 'Калькуляторы прибыли и комиссии товара: OWSUP включает в себя инструменты для расчета прибыли и комиссий, связанных с доставкой товаров и другими аспектами ведения бизнеса на платформах Ozon и Wildberries. Это позволяет продавцам точно оценить свою рентабельность и определить оптимальные стратегии ценообразования.');
INSERT INTO features (project_uuid, uuid, lang, content) VALUES ('8cbad396-598e-435a-a225-822ec541531a', 'aa0cea81-6088-4fae-8f4b-151e10ff6706', 'de', 'Kopieren von Produktkarten zwischen Konten oder Verkaufsplattformen: OWSUP ermöglicht es Benutzern, Produktkarten einfach zwischen verschiedenen Konten oder Plattformen zu kopieren und vereinfacht so das Verwalten mehrerer Verkaufsflächen.');
INSERT INTO features (project_uuid, uuid, lang, content) VALUES ('8cbad396-598e-435a-a225-822ec541531a', 'f9e80fd1-b6b2-4c9f-a0d2-0f06b25902b6', 'de', 'Einheitliches Analyse-Dashboard für alle Konten: Der Service bietet ein umfassendes Analyse-Dashboard, das Daten aus allen Benutzerkonten zusammenfasst und eine praktische Möglichkeit bietet, die Verkaufsleistung auf verschiedenen Plattformen zu überwachen.');
INSERT INTO features (project_uuid, uuid, lang, content) VALUES ('8cbad396-598e-435a-a225-822ec541531a', '89fccbc6-2621-4781-bfe6-f94402030c81', 'de', 'Bestellanalytics von allen Konten: OWSUP fasst Bestelldaten aus allen verknüpften Konten zusammen, sodass es für Verkäufer einfach ist, ihre Verkaufshistorie zu verfolgen und Trends zu erkennen.');
INSERT INTO features (project_uuid, uuid, lang, content) VALUES ('8cbad396-598e-435a-a225-822ec541531a', '5ac30139-60fb-49b0-88db-137d754f0e81', 'de', 'Gewinn- und Provisionsrechner für Produktlieferungen und andere Gebühren: Der Service beinhaltet integrierte Rechner, die Verkäufern helfen, ihre Gewinne zu ermitteln und verschiedene Gebühren, wie Provisionen und Lieferkosten, zu berücksichtigen.');
INSERT INTO features (project_uuid, uuid, lang, content) VALUES ('8cbad396-598e-435a-a225-822ec541531a', '67841dcd-a3bf-4b46-8ca9-ca7912613c15', 'tr', 'Ürün kartlarını hesaplar veya satış platformları arasında kopyalama: OWSUP, kullanıcıların ürün kartlarını farklı hesaplar veya platformlar arasında kolayca kopyalamalarını sağlayarak, birden fazla vitrin yönetme sürecini basitleştirir.');
INSERT INTO features (project_uuid, uuid, lang, content) VALUES ('8cbad396-598e-435a-a225-822ec541531a', 'ebc3c5c8-3bbd-4a37-ae94-fba6c1cfe620', 'tr', 'Tüm hesaplar için birleşik analitik gösterge paneli: Hizmet, tüm kullanıcı hesaplarından verileri birleştiren kapsamlı bir analitik gösterge paneli sunarak, çeşitli platformlarda satış performansını izleme için uygun bir yol sunar.');
INSERT INTO features (project_uuid, uuid, lang, content) VALUES ('8cbad396-598e-435a-a225-822ec541531a', 'fa266450-7065-404d-bed9-b4a84ad28dbf', 'tr', 'Tüm hesaplardan sipariş analitiği: OWSUP, bağlantılı tüm hesaplardan sipariş verilerini toplar, satıcıların satış geçmişini takip etmelerini ve eğilimleri belirlemelerini kolaylaştırır.');
INSERT INTO features (project_uuid, uuid, lang, content) VALUES ('8cbad396-598e-435a-a225-822ec541531a', '8e2a9269-8d1c-4085-a74a-5ceda9f6b3b2', 'tr', 'Ürün teslimatı ve diğer ücretler için kar ve komisyon hesaplayıcıları: Hizmet, satıcıların karlarını belirlemelerine ve komisyon ve teslimat maliyetleri gibi çeşitli ücretlere göre hesaplamalarına yardımcı olacak dahili hesaplayıcılar içerir.');
INSERT INTO features (project_uuid, uuid, lang, content) VALUES ('8cbad396-598e-435a-a225-822ec541531a', 'd459fbab-f18d-4eaa-a54c-448ec5c89204', 'fr', 'Copie des fiches produits entre comptes ou plateformes de vente : OWSUP permet aux utilisateurs de copier facilement les fiches produits entre différents comptes ou plateformes, simplifiant ainsi la gestion de plusieurs points de vente.');
INSERT INTO features (project_uuid, uuid, lang, content) VALUES ('8cbad396-598e-435a-a225-822ec541531a', '31aeb7cb-db7b-4e08-b011-292ef8e30993', 'fr', 'Tableau de bord d''''analyse unifié pour tous les comptes : Le service propose un tableau de bord d''''analyse complet qui regroupe les données de tous les comptes utilisateurs, offrant un moyen pratique de surveiller les performances de vente sur différentes plateformes.');
INSERT INTO features (project_uuid, uuid, lang, content) VALUES ('8cbad396-598e-435a-a225-822ec541531a', '48f0ad33-0ae1-445e-ab44-cf8a6698217a', 'fr', 'Analyse des commandes de tous les comptes : OWSUP agrège les données de commandes de tous les comptes liés, facilitant ainsi le suivi de l''''historique des ventes et l''''identification des tendances pour les vendeurs.');
INSERT INTO features (project_uuid, uuid, lang, content) VALUES ('8cbad396-598e-435a-a225-822ec541531a', '36deb02e-20e5-4d2d-b46f-084362318b5c', 'fr', 'Calculatrices de profit et de commission pour la livraison des produits et autres frais : Le service inclut des calculatrices intégrées pour aider les vendeurs à déterminer leurs profits et à tenir compte des divers frais, tels que les commissions et les coûts de livraison.');
INSERT INTO photos (project_uuid, uuid, path) VALUES ('8cbad396-598e-435a-a225-822ec541531a', 'b6b10089-e36e-405c-8034-977b823daad7', 'owsup/1');
INSERT INTO photos (project_uuid, uuid, path) VALUES ('8cbad396-598e-435a-a225-822ec541531a', '2543202c-333d-4c99-a38b-a93331d7f0bc', 'owsup/2');
INSERT INTO photos (project_uuid, uuid, path) VALUES ('8cbad396-598e-435a-a225-822ec541531a', '87a257bd-04b9-4f1e-8ae0-46bc126e627a', 'owsup/3');
INSERT INTO subtitles( project_uuid, uuid, lang, content) VALUES ('8cbad396-598e-435a-a225-822ec541531a', '6c4a1f79-f37b-4142-abdb-e6947cb79af6', 'en', 'Optimization of sales on Ozon and Wildberries');
INSERT INTO subtitles( project_uuid, uuid, lang, content) VALUES ('8cbad396-598e-435a-a225-822ec541531a', '7dee29bc-c1d0-4be2-931c-b9d759a2ee00', 'ru', 'Оптимизация продаж на Ozon и Wildberries');
INSERT INTO subtitles( project_uuid, uuid, lang, content) VALUES ('8cbad396-598e-435a-a225-822ec541531a', '1bc85af7-c159-454a-9dde-059b065dbc8b', 'ja', 'オゾンとワイルドベリーズでの販売最適化');
INSERT INTO subtitles( project_uuid, uuid, lang, content) VALUES ('8cbad396-598e-435a-a225-822ec541531a', '52fc2f15-d83b-4f63-b4c9-80261089a41c', 'de', 'Optimierung von Verkäufen auf Ozon und Wildberries');
INSERT INTO subtitles( project_uuid, uuid, lang, content) VALUES ('8cbad396-598e-435a-a225-822ec541531a', '22d35761-9b18-4d94-8dc4-a5b027c363de', 'tr', 'Ozon ve Wildberries''te satış optimizasyonu');
INSERT INTO subtitles( project_uuid, uuid, lang, content) VALUES ('8cbad396-598e-435a-a225-822ec541531a', 'ca12cb9e-fd5e-42c8-8184-6cd8e31ff278', 'fr', 'Optimisation des ventes sur Ozon et Wildberries');


-- Project "EPICHERISION 2.0"
INSERT INTO projects (uuid, photo_url, title, categories) VALUES ('aec0435f-9ffe-4eed-9f09-2922b70cae16', 'epicherision/preview', 'EPICHERISION 2.0', '3');
INSERT INTO cards (project_uuid,  uuid,  title,  sub_title) VALUES ('aec0435f-9ffe-4eed-9f09-2922b70cae16', 'dea3d8d6-abe0-4a2f-874e-caccf299dc4c', 'Bot', 'NodeJs, node-html-parser');
INSERT INTO descriptions (project_uuid, uuid, lang, content) VALUES ('aec0435f-9ffe-4eed-9f09-2922b70cae16', 'c79aa797-880f-4c20-820c-1ce41175ec8c', 'en', 'A Discord bot designed to provide information about newly arrived products. EPICHERISION is equipped with a variety of parsers for collecting data and generating ATK links, making it a valuable resource for users looking to stay informed about the latest product offerings.');
INSERT INTO descriptions (project_uuid, uuid, lang, content) VALUES ('aec0435f-9ffe-4eed-9f09-2922b70cae16', '6a1c32f9-548e-4017-a2d5-7bcb1ad638da', 'ru', 'EPICHERISION - это интеллектуальный Discord бот, созданный для предоставления информации о поступлении новых товаров в различных магазинах. Благодаря мощным парсерам и гибким настройкам, EPICHERISION обеспечивает своевременные и релевантные оповещения, которые помогут пользователям быть в курсе последних новинок и успеть приобрести желанные товары.');
INSERT INTO descriptions (project_uuid, uuid, lang, content) VALUES ('aec0435f-9ffe-4eed-9f09-2922b70cae16', '299a6ab1-dae2-4c52-853f-c8741c8b4bc1', 'ja', '新しく入荷した製品に関する情報を提供するために設計されたDiscordボット。EPICHERISIONは、データ収集とATKリンク生成のためのさまざまなパーサを備えており、最新の製品情報を追い求めるユーザーにとって貴重なリソースとなります。');
INSERT INTO descriptions (project_uuid, uuid, lang, content) VALUES ('aec0435f-9ffe-4eed-9f09-2922b70cae16', 'c10cdc64-d549-4901-9947-4b0c53b09e4b', 'de', 'Ein Discord-Bot, der entwickelt wurde, um Informationen über neu eingetroffene Produkte zu liefern. EPICHERISION ist mit einer Vielzahl von Parsern zum Sammeln von Daten und Generieren von ATK-Links ausgestattet, was ihn zu einer wertvollen Ressource für Benutzer macht, die über die neuesten Produktangebote informiert bleiben möchten.');
INSERT INTO descriptions (project_uuid, uuid, lang, content) VALUES ('aec0435f-9ffe-4eed-9f09-2922b70cae16', '1e1b48e5-612c-4a50-a389-d95e155cd8d6', 'tr', 'Yeni gelen ürünler hakkında bilgi sağlamak için tasarlanmış bir Discord botu. EPICHERISION, veri toplamak ve ATK bağlantıları oluşturmak için çeşitli ayrıştırıcılarla donatılmıştır, bu da kullanıcıların en son ürün teklifleri hakkında bilgi sahibi olmalarını sağlayan değerli bir kaynak haline getirir.');
INSERT INTO descriptions (project_uuid, uuid, lang, content) VALUES ('aec0435f-9ffe-4eed-9f09-2922b70cae16', 'f213834a-6148-4ca3-a161-0b591498bda6', 'fr', 'Un bot Discord conçu pour fournir des informations sur les nouveaux produits arrivés. EPICHERISION est équipé d''une variété de parseurs pour collecter les données et générer des liens ATK, ce qui en fait une ressource précieuse pour les utilisateurs cherchant à rester informés des dernières offres de produits.');
INSERT INTO features (project_uuid, uuid, lang, content) VALUES ('aec0435f-9ffe-4eed-9f09-2922b70cae16', '624871b8-bc50-49c5-a3d5-e82ab8fc2a09', 'ja', 'データとメタデータ用の幅広いパーサ：EPICHERISIONは、ATKリンク生成に必要な標準データとメタデータを収集するための多数のパーサを搭載しており、ユーザーが正確で最新の情報を受け取ることができます。');
INSERT INTO features (project_uuid, uuid, lang, content) VALUES ('aec0435f-9ffe-4eed-9f09-2922b70cae16', 'd2734646-72b5-40fb-b9b3-eac6077714ed', 'ja', 'カスタマイズ可能なキーワードとカテゴリ選択：ユーザーは、製品選択のためのキーワードとカテゴリを編集でき、ボットの通知を自分の特定の興味や好みに合わせることができます。');
INSERT INTO features (project_uuid, uuid, lang, content) VALUES ('aec0435f-9ffe-4eed-9f09-2922b70cae16', '26dd96a9-0a22-4c8b-af43-461aa91c4820', 'ja', '各ストアごとのチャンネル固有の通知：ボットは各ストアごとに別々のチャンネルに製品の更新情報を送信し、ユーザーが必要な情報に簡単にアクセスし、追跡できるようにします。');
INSERT INTO features (project_uuid, uuid, lang, content) VALUES ('aec0435f-9ffe-4eed-9f09-2922b70cae16', '4ce0d2b7-7230-4776-b368-94326581895f', 'ja', 'NikeのオンデマンドATKリンク生成：EPICHERISIONは、管理者がアクティベーションすると、Nike製品のATKリンクを生成できる機能を備えており、ユーザーはショッピング体験をさらにコントロールできます。');
INSERT INTO features (project_uuid, uuid, lang, content) VALUES ('aec0435f-9ffe-4eed-9f09-2922b70cae16', 'd8fb8d21-b413-4b44-87ec-98c4a5c46027', 'en', 'Extensive parsers for data and metadata: EPICHERISION is built with numerous parsers to gather both standard data and metadata necessary for generating ATK links, ensuring that users receive accurate and up-to-date information.');
INSERT INTO features (project_uuid, uuid, lang, content) VALUES ('aec0435f-9ffe-4eed-9f09-2922b70cae16', 'e2ddc4b4-e829-484f-9392-fe97e21317d8', 'en', 'Customizable keyword and category selection: Users can edit keywords and categories for product selection, allowing them to tailor the bot''''s notifications to their specific interests and preferences.');
INSERT INTO features (project_uuid, uuid, lang, content) VALUES ('aec0435f-9ffe-4eed-9f09-2922b70cae16', '7eebed9e-cd4e-4066-9743-2e14436970eb', 'en', 'Channel-specific notifications for each store: The bot sends product updates to separate channels for each store, ensuring that users can easily access and track the information they need.');
INSERT INTO features (project_uuid, uuid, lang, content) VALUES ('aec0435f-9ffe-4eed-9f09-2922b70cae16', 'b04d07b9-4add-4574-83e2-d92966268c8f', 'en', 'On-demand ATK link generation for Nike: EPICHERISION is capable of generating ATK links for Nike products upon administrator activation, providing users with even greater control over their shopping experience.');
INSERT INTO features (project_uuid, uuid, lang, content) VALUES ('aec0435f-9ffe-4eed-9f09-2922b70cae16', '6c00ee61-f5c3-4747-8bc4-f7d37c376938', 'ru', 'Мощные парсеры данных: В процессе реализации EPICHERISION было создано множество парсеров, обрабатывающих как обычные, так и метаданные, необходимые для генерации АТК ссылок.');
INSERT INTO features (project_uuid, uuid, lang, content) VALUES ('aec0435f-9ffe-4eed-9f09-2922b70cae16', 'a0ce1b7a-508e-4a89-b156-4faddcc042ce', 'ru', 'Гибкая настройка ключевых слов и категорий: Пользователи имеют возможность редактировать ключевые слова и категории товаров, которые они хотят отслеживать, получая только релевантные оповещения.');
INSERT INTO features (project_uuid, uuid, lang, content) VALUES ('aec0435f-9ffe-4eed-9f09-2922b70cae16', '7d3a70f8-7d33-4eb1-92e2-d8acdabcb1cb', 'ru', 'Отдельные каналы для разных магазинов: Оповещения о новых товарах отправляются в отдельные каналы для каждого магазина, обеспечивая удобную и структурированную информацию.');
INSERT INTO features (project_uuid, uuid, lang, content) VALUES ('aec0435f-9ffe-4eed-9f09-2922b70cae16', '44320afc-4761-46fa-9532-3c565a588f43', 'ru', 'Генерация АТК ссылок для Nike: EPICHERISION предоставляет специализированный функционал для генерации атк ссылок для магазина Nike, активируемый администратором сервера.');
INSERT INTO features (project_uuid, uuid, lang, content) VALUES ('aec0435f-9ffe-4eed-9f09-2922b70cae16', '83c31371-83c1-43e9-92e3-e26a20402eb4', 'de', 'Umfangreiche Parser für Daten und Metadaten: EPICHERISION ist mit zahlreichen Parsern ausgestattet, um sowohl Standarddaten als auch Metadaten zu sammeln, die für die Generierung von ATK-Links erforderlich sind, und stellt sicher, dass Benutzer genaue und aktuelle Informationen erhalten.');
INSERT INTO features (project_uuid, uuid, lang, content) VALUES ('aec0435f-9ffe-4eed-9f09-2922b70cae16', 'c44c4463-825c-4e2a-9e0d-61c634d04503', 'de', 'Anpassbare Stichwort- und Kategorieauswahl: Benutzer können Stichworte und Kategorien für die Produktauswahl bearbeiten, sodass sie die Benachrichtigungen des Bots an ihre speziellen Interessen und Vorlieben anpassen können.');
INSERT INTO features (project_uuid, uuid, lang, content) VALUES ('aec0435f-9ffe-4eed-9f09-2922b70cae16', 'c1796390-8e61-4e12-a19c-c544b765c748', 'de', 'Kanalspezifische Benachrichtigungen für jeden Laden: Der Bot sendet Produktaktualisierungen an separate Kanäle für jeden Laden, um sicherzustellen, dass Benutzer die benötigten Informationen leicht abrufen und verfolgen können.');
INSERT INTO features (project_uuid, uuid, lang, content) VALUES ('aec0435f-9ffe-4eed-9f09-2922b70cae16', 'a11f5b68-3565-4af1-a07c-6375254b468b', 'de', 'ATK-Link-Generierung auf Anfrage für Nike: EPICHERISION kann ATK-Links für Nike-Produkte bei Aktivierung durch den Administrator generieren und bietet Benutzern so noch mehr Kontrolle über ihr Einkaufserlebnis.');
INSERT INTO features (project_uuid, uuid, lang, content) VALUES ('aec0435f-9ffe-4eed-9f09-2922b70cae16', 'db3a36a0-c573-463e-ac15-a753aa16bb77', 'tr', 'Veri ve meta veri için kapsamlı ayrıştırıcılar: EPICHERISION, kullanıcıların doğru ve güncel bilgilere ulaşmasını sağlamak için ATK bağlantıları oluşturmak için gerekli olan hem standart verileri hem de meta verileri toplamak için çok sayıda ayrıştırıcıyla inşa edilmiştir.');
INSERT INTO features (project_uuid, uuid, lang, content) VALUES ('aec0435f-9ffe-4eed-9f09-2922b70cae16', 'c5b1188d-4636-4f3b-b6d2-7c84819a599a', 'tr', 'Özelleştirilebilir anahtar kelime ve kategori seçimi: Kullanıcılar, ürün seçimi için anahtar kelimeleri ve kategorileri düzenleyebilir, böylece botun bildirimlerini belirli ilgi alanlarına ve tercihlerine göre uyarlayabilirler.');
INSERT INTO features (project_uuid, uuid, lang, content) VALUES ('aec0435f-9ffe-4eed-9f09-2922b70cae16', '389a6d19-0adc-47c8-aa48-111395d0fe55', 'tr', 'Her mağaza için kanala özel bildirimler: Bot, kullanıcıların ihtiyaç duydukları bilgilere kolayca erişebilmelerini ve takip edebilmelerini sağlamak için her mağaza için ayrı kanallara ürün güncellemeleri gönderir.');
INSERT INTO features (project_uuid, uuid, lang, content) VALUES ('aec0435f-9ffe-4eed-9f09-2922b70cae16', '7ed395d0-4f97-4cf7-ba8a-c1bc59ce4367', 'tr', 'Nike için talep üzerine ATK bağlantısı oluşturma: EPICHERISION, yönetici aktivasyonu üzerine Nike ürünleri için ATK bağlantıları oluşturma yeteneğine sahiptir, kullanıcılara alışveriş deneyimlerinde daha fazla kontrol sağlar.');
INSERT INTO features (project_uuid, uuid, lang, content) VALUES ('aec0435f-9ffe-4eed-9f09-2922b70cae16', '69793890-8696-442c-893c-b765147ff012', 'fr', 'Parseurs étendus pour les données et les métadonnées : EPICHERISION est construit avec de nombreux parseurs pour collecter à la fois les données standard et les métadonnées nécessaires à la génération de liens ATK, garantissant ainsi que les utilisateurs reçoivent des informations précises et à jour.');
INSERT INTO features (project_uuid, uuid, lang, content) VALUES ('aec0435f-9ffe-4eed-9f09-2922b70cae16', 'a2706aad-968c-44f9-b90d-36fe2b23fe67', 'fr', 'Sélection personnalisable de mots-clés et de catégories : Les utilisateurs peuvent modifier les mots-clés et les catégories pour la sélection des produits, leur permettant d''''adapter les notifications du bot à leurs intérêts et préférences spécifiques.');
INSERT INTO features (project_uuid, uuid, lang, content) VALUES ('aec0435f-9ffe-4eed-9f09-2922b70cae16', 'bf8fcdc4-774f-4a99-8a85-c495cb46c8b7', 'fr', 'Notifications spécifiques à chaque chaîne pour chaque magasin : Le bot envoie des mises à jour de produits sur des chaînes séparées pour chaque magasin, garantissant que les utilisateurs peuvent accéder et suivre facilement les informations dont ils ont besoin.');
INSERT INTO features (project_uuid, uuid, lang, content) VALUES ('aec0435f-9ffe-4eed-9f09-2922b70cae16', 'bd8d5a1e-fda4-4b8b-876c-05c05b1ffe21', 'fr', 'Génération de liens ATK à la demande pour Nike : EPICHERISION est capable de générer des liens ATK pour les produits Nike lors de l''''activation par l''''administrateur, offrant aux utilisateurs un contrôle encore plus grand sur leur expérience d''''achat.');
INSERT INTO photos (project_uuid, uuid, path) VALUES ('aec0435f-9ffe-4eed-9f09-2922b70cae16', '560eeac8-6b76-4862-8f25-4ac9456c757f', 'epicherision/1');
INSERT INTO photos (project_uuid, uuid, path) VALUES ('aec0435f-9ffe-4eed-9f09-2922b70cae16', '3cb7c61d-063c-4762-9462-6ccfbc14965e', 'epicherision/2');
INSERT INTO photos (project_uuid, uuid, path) VALUES ('aec0435f-9ffe-4eed-9f09-2922b70cae16', '64c3885d-53de-4bd4-b78d-30ef759b94d7', 'epicherision/3');
INSERT INTO subtitles( project_uuid, uuid, lang, content) VALUES ('aec0435f-9ffe-4eed-9f09-2922b70cae16', 'ddfa3c5e-1fa3-4ff5-a54f-ffee84d47b40', 'en', 'Discord bot for notifications about new products');
INSERT INTO subtitles( project_uuid, uuid, lang, content) VALUES ('aec0435f-9ffe-4eed-9f09-2922b70cae16', '4a38f717-fd6a-4812-9d02-f388c1bbaeb2', 'ru', 'Discord бот для оповещений о новых товарах');
INSERT INTO subtitles( project_uuid, uuid, lang, content) VALUES ('aec0435f-9ffe-4eed-9f09-2922b70cae16', '67e20136-d0be-4811-9f9b-567e45f3fd1e', 'ja', '新製品に関する通知のためのDiscordボット');
INSERT INTO subtitles( project_uuid, uuid, lang, content) VALUES ('aec0435f-9ffe-4eed-9f09-2922b70cae16', 'e991beb5-a155-4fab-bdb8-93c30a231736', 'de', 'Discord-Bot für Benachrichtigungen über neue Produkte');
INSERT INTO subtitles( project_uuid, uuid, lang, content) VALUES ('aec0435f-9ffe-4eed-9f09-2922b70cae16', '36c6f0bf-c798-4808-b9b9-c1c38d9a5279', 'tr', 'Yeni ürünler hakkında bildirimler için Discord botu');
INSERT INTO subtitles( project_uuid, uuid, lang, content) VALUES ('aec0435f-9ffe-4eed-9f09-2922b70cae16', '4a93c2bb-5522-4c08-91fc-3ac2663d2d37', 'fr', 'Bot Discord pour les notifications concernant les nouveaux produits');


-- Project "Go Portfolio"
INSERT INTO projects (uuid, photo_url, title, categories) VALUES ('57fe52eb-04d2-4d09-8d9d-29af4f916ef7', 'just-portfolio/preview', 'Go Portfolio', '2');
INSERT INTO cards (project_uuid,  uuid,  title,  sub_title) VALUES ('57fe52eb-04d2-4d09-8d9d-29af4f916ef7', 'cec30451-01ae-4ee9-bc41-afc9cf324175', 'Front-end', 'React, Redux ToolKit');
INSERT INTO cards (project_uuid,  uuid,  title,  sub_title) VALUES ('57fe52eb-04d2-4d09-8d9d-29af4f916ef7', 'cbede57c-0e90-4c0f-ada9-755359065758', 'Back-end', 'GoLang, Gin, Gorm, PostgreSQL');
INSERT INTO descriptions (project_uuid, uuid, lang, content) VALUES ('57fe52eb-04d2-4d09-8d9d-29af4f916ef7', 'def1f269-ed63-4a36-8497-24b726da2bf1', 'en', 'A specialized content management system (CMS) for portfolio websites, written in Go. Go Portfolio is designed to showcase your work in a visually appealing and professional manner, offering a range of features to help you create the perfect online portfolio.');
INSERT INTO descriptions (project_uuid, uuid, lang, content) VALUES ('57fe52eb-04d2-4d09-8d9d-29af4f916ef7', '087e18a2-b584-4e15-84ed-4ad29d0b184c', 'ru', 'Go Portfolio - это узкоспециализированный движок для создания сайтов-портфолио, разработанный на языке программирования Go. Простой и мощный, Go Portfolio предоставляет удобную CMS для управления вашим портфолио, сохранения изображений высокого качества и отслеживания популярности проектов.');
INSERT INTO descriptions (project_uuid, uuid, lang, content) VALUES ('57fe52eb-04d2-4d09-8d9d-29af4f916ef7', 'bf1c7544-6e10-48a2-9855-dd05db0acb77', 'ja', 'Go言語で作成されたポートフォリオWebサイトのための専門的なコンテンツ管理システム（CMS）。Go Portfolioは、視覚的に魅力的でプロフェッショナルな方法であなたの作品を展示するように設計されており、完璧なオンラインポートフォリオを作成するのに役立つさまざまな機能を提供しています。');
INSERT INTO descriptions (project_uuid, uuid, lang, content) VALUES ('57fe52eb-04d2-4d09-8d9d-29af4f916ef7', '0926f094-9b85-48c3-92ac-ab2855b7ab4d', 'de', 'Ein spezialisiertes Content-Management-System (CMS) für Portfolio-Websites, geschrieben in Go. Go Portfolio wurde entwickelt, um Ihre Arbeit auf ansprechende und professionelle Weise zu präsentieren und bietet eine Reihe von Funktionen, um das perfekte Online-Portfolio zu erstellen.');
INSERT INTO descriptions (project_uuid, uuid, lang, content) VALUES ('57fe52eb-04d2-4d09-8d9d-29af4f916ef7', '615bd773-8f92-4ac7-9782-1eb0e78f6a00', 'tr', 'Go diliyle yazılmış portföy web siteleri için özel bir içerik yönetim sistemi (CMS). Go Portfolio, işinizi görsel olarak çekici ve profesyonel bir şekilde sergilemek için tasarlanmış olup, mükemmel bir çevrimiçi portföy oluşturmanıza yardımcı olacak bir dizi özellik sunar.');
INSERT INTO descriptions (project_uuid, uuid, lang, content) VALUES ('57fe52eb-04d2-4d09-8d9d-29af4f916ef7', '2fcb2773-8029-4dd5-ae66-5750318dc629', 'fr', 'Un système de gestion de contenu (CMS) spécialisé pour les sites web de portfolio, écrit en Go. Go Portfolio est conçu pour mettre en valeur vos travaux de manière visuellement attrayante et professionnelle, offrant une gamme de fonctionnalités pour vous aider à créer le portfolio en ligne parfait.');
INSERT INTO features (project_uuid, uuid, lang, content) VALUES ('57fe52eb-04d2-4d09-8d9d-29af4f916ef7', '6ebe4502-5ba3-4b36-a727-b18fcd0d6273', 'ja', 'プロジェクトの高品質な画像ストレージ：Go Portfolioは、プロジェクトの高解像度画像を保存することができ、作品が最高の品質で表示されることを保証します。');
INSERT INTO features (project_uuid, uuid, lang, content) VALUES ('57fe52eb-04d2-4d09-8d9d-29af4f916ef7', '8ef5db8c-a57e-46b3-92ac-efb2a28bb036', 'ja', 'Webサイトの管理パネルとしてサービスを使用する：プラットフォームは管理パネルとしても機能し、Webサイトのコンテンツと外観を完全に制御できます。');
INSERT INTO features (project_uuid, uuid, lang, content) VALUES ('57fe52eb-04d2-4d09-8d9d-29af4f916ef7', '18c85268-fcf9-444e-9399-f93d3ec2895a', 'ja', 'プロジェクトの人気統計を表示：Go Portfolioは、どのプロジェクトが訪問者に最も人気があるかについての洞察を提供し、それに応じてコンテンツ戦略を調整できます。');
INSERT INTO features (project_uuid, uuid, lang, content) VALUES ('57fe52eb-04d2-4d09-8d9d-29af4f916ef7', '010b5677-154c-4965-912f-d8e5710b8060', 'en', 'High-quality image storage for projects: Go Portfolio allows you to store high-resolution images for your projects, ensuring that your work is displayed in the best possible quality.');
INSERT INTO features (project_uuid, uuid, lang, content) VALUES ('57fe52eb-04d2-4d09-8d9d-29af4f916ef7', 'e3ce980a-ba49-40f2-9f7a-15e64832dad3', 'en', 'Use the service as an admin panel for your website: The platform can also function as an admin panel, giving you full control over the content and appearance of your website.');
INSERT INTO features (project_uuid, uuid, lang, content) VALUES ('57fe52eb-04d2-4d09-8d9d-29af4f916ef7', 'aa3f36a9-9471-4600-a271-5a2ddf830026', 'en', 'View project popularity statistics: Go Portfolio provides insights into which projects are the most popular among visitors, allowing you to tailor your content strategy accordingly.');
INSERT INTO features (project_uuid, uuid, lang, content) VALUES ('57fe52eb-04d2-4d09-8d9d-29af4f916ef7', '4a652ad2-2ec6-4490-a94d-8b266c80e876', 'ru', 'Хранение изображений высокого качества: Go Portfolio позволяет сохранять изображения ваших проектов в высоком качестве, гарантируя яркое и четкое воспроизведение на вашем сайте.');
INSERT INTO features (project_uuid, uuid, lang, content) VALUES ('57fe52eb-04d2-4d09-8d9d-29af4f916ef7', '21e95b9e-cb3f-4c0c-bd00-9a56cd8b7d20', 'ru', 'Интуитивная админ-панель: Сервис предоставляет удобную и простую в использовании админ-панель для управления содержимым вашего сайта-портфолио.');
INSERT INTO features (project_uuid, uuid, lang, content) VALUES ('57fe52eb-04d2-4d09-8d9d-29af4f916ef7', 'cca8cdcc-4c7c-4f32-a370-9030e0bc3999', 'ru', 'Статистика популярности проектов: Go Portfolio позволяет отслеживать популярность различных проектов на вашем сайте, предоставляя статистику о просмотрах и взаимодействиях посетителей.');
INSERT INTO features (project_uuid, uuid, lang, content) VALUES ('57fe52eb-04d2-4d09-8d9d-29af4f916ef7', '91a36049-2612-4dbb-94fd-cc557fcd6727', 'de', 'Hochwertiger Bildspeicher für Projekte: Go Portfolio ermöglicht es Ihnen, hochauflösende Bilder für Ihre Projekte zu speichern und sicherzustellen, dass Ihre Arbeit in bestmöglicher Qualität dargestellt wird.');
INSERT INTO features (project_uuid, uuid, lang, content) VALUES ('57fe52eb-04d2-4d09-8d9d-29af4f916ef7', '21d9d0e1-e5dd-4303-8885-56a5a2f5ffa0', 'de', 'Verwenden Sie den Service als Admin-Panel für Ihre Website: Die Plattform kann auch als Admin-Panel fungieren und Ihnen die volle Kontrolle über den Inhalt und das Erscheinungsbild Ihrer Website geben.');
INSERT INTO features (project_uuid, uuid, lang, content) VALUES ('57fe52eb-04d2-4d09-8d9d-29af4f916ef7', '3f7373d4-14bf-47f0-9090-92cc49de0976', 'de', 'Statistiken zur Projektbeliebtheit anzeigen: Go Portfolio bietet Einblicke, welche Projekte bei Besuchern am beliebtesten sind, sodass Sie Ihre Content-Strategie entsprechend anpassen können.');
INSERT INTO features (project_uuid, uuid, lang, content) VALUES ('57fe52eb-04d2-4d09-8d9d-29af4f916ef7', 'f35f5ef8-8305-4211-8040-89ea0839ec89', 'tr', 'Projeler için yüksek kaliteli resim depolama: Go Portfolio, işlerinizin mümkün olan en iyi kalitede görüntülenmesini sağlayarak projeleriniz için yüksek çözünürlüklü resimleri depolamanıza olanak tanır.');
INSERT INTO features (project_uuid, uuid, lang, content) VALUES ('57fe52eb-04d2-4d09-8d9d-29af4f916ef7', '2c15c48f-6106-4f6e-91e7-17fdb790ff34', 'tr', 'Hizmeti web siteniz için bir yönetici paneli olarak kullanın: Platform, aynı zamanda bir yönetici paneli olarak da işlev görebilir ve web sitenizin içeriği ve görünümü üzerinde tam kontrol sağlar.');
INSERT INTO features (project_uuid, uuid, lang, content) VALUES ('57fe52eb-04d2-4d09-8d9d-29af4f916ef7', '41cd24f9-7afb-4dd7-a8de-3f52331d5236', 'tr', 'Proje popülaritesi istatistiklerini görüntüleyin: Go Portfolio, ziyaretçiler arasında en popüler olan projeler hakkında bilgi sunarak içerik stratejinizi buna göre şekillendirmenize olanak tanır.');
INSERT INTO features (project_uuid, uuid, lang, content) VALUES ('57fe52eb-04d2-4d09-8d9d-29af4f916ef7', '0a0e8850-795b-4ae7-acc9-d76feca8397b', 'fr', 'Stockage d''''images haute qualité pour les projets : Go Portfolio vous permet de stocker des images haute résolution pour vos projets, garantissant que votre travail est affiché dans la meilleure qualité possible.');
INSERT INTO features (project_uuid, uuid, lang, content) VALUES ('57fe52eb-04d2-4d09-8d9d-29af4f916ef7', '70977efb-5c64-4d53-9ccc-d1ade9976398', 'fr', 'Utilisez le service en tant que panneau d''''administration pour votre site web : La plateforme peut également servir de panneau d''''administration, vous donnant un contrôle total sur le contenu et l''''apparence de votre site web.');
INSERT INTO features (project_uuid, uuid, lang, content) VALUES ('57fe52eb-04d2-4d09-8d9d-29af4f916ef7', '4f2bed7c-3764-41b9-a40e-c662290ea468', 'fr', 'Consultez les statistiques de popularité des projets : Go Portfolio donne un aperçu des projets les plus populaires parmi les visiteurs, vous permettant d''''adapter votre stratégie de contenu en conséquence.');
INSERT INTO photos (project_uuid, uuid, path) VALUES ('57fe52eb-04d2-4d09-8d9d-29af4f916ef7', '1487142d-46a6-48af-8137-d00d6385735e', 'just-portfolio/1');
INSERT INTO photos (project_uuid, uuid, path) VALUES ('57fe52eb-04d2-4d09-8d9d-29af4f916ef7', 'd9133e60-9600-4e2e-8eef-222517b7d8c9', 'just-portfolio/2');
INSERT INTO photos (project_uuid, uuid, path) VALUES ('57fe52eb-04d2-4d09-8d9d-29af4f916ef7', 'b2081ded-0223-4607-8c55-a928f3da9726', 'just-portfolio/3');
INSERT INTO subtitles( project_uuid, uuid, lang, content) VALUES ('57fe52eb-04d2-4d09-8d9d-29af4f916ef7', 'c2f8886b-a5fc-4e51-926f-900144a006c5', 'en', 'Go Portfolio - an engine for portfolio websites in the Go language');
INSERT INTO subtitles( project_uuid, uuid, lang, content) VALUES ('57fe52eb-04d2-4d09-8d9d-29af4f916ef7', '0fa5d32b-1027-4c04-9fe5-3b9f6a615e3b', 'ru', 'Go Portfolio - движок для сайтов-портфолио на языке Go');
INSERT INTO subtitles( project_uuid, uuid, lang, content) VALUES ('57fe52eb-04d2-4d09-8d9d-29af4f916ef7', '06dabb4b-fb5c-4895-84d6-78b392f2f20e', 'ja', 'Go Portfolio - Go言語で作成されたポートフォリオWebサイトのエンジン');
INSERT INTO subtitles( project_uuid, uuid, lang, content) VALUES ('57fe52eb-04d2-4d09-8d9d-29af4f916ef7', '452ca455-1658-4935-a640-d5413aebc771', 'de', 'Go Portfolio - ein Motor für Portfolio-Websites in der Go-Sprache');
INSERT INTO subtitles( project_uuid, uuid, lang, content) VALUES ('57fe52eb-04d2-4d09-8d9d-29af4f916ef7', '5646e311-a5e7-44a8-9764-db7fcebfb3a2', 'tr', 'Go Portfolio - Go dilinde portföy web siteleri için bir motor');
INSERT INTO subtitles( project_uuid, uuid, lang, content) VALUES ('57fe52eb-04d2-4d09-8d9d-29af4f916ef7', 'f1bed922-1bc9-474d-a6c0-66563ac8126a', 'fr', 'Go Portfolio - un moteur pour les sites web de portfolio en langage Go');


-- Project "EMIAS"
INSERT INTO projects (uuid, photo_url, title, categories) VALUES ('f259e99b-4722-4646-9c48-0de63e6beed4', 'emias/preview', 'EMIAS', '2');
INSERT INTO cards (project_uuid,  uuid,  title,  sub_title) VALUES ('f259e99b-4722-4646-9c48-0de63e6beed4', '8355d52a-8cf2-48e1-a4a7-9be22210d941', 'Front-end', 'Vue, Vue Router');
INSERT INTO cards (project_uuid,  uuid,  title,  sub_title) VALUES ('f259e99b-4722-4646-9c48-0de63e6beed4', 'b0467970-9723-41ac-af75-dce88e32d543', 'Back-end', 'NodeJs, Express, MySQL');
INSERT INTO descriptions (project_uuid, uuid, lang, content) VALUES ('f259e99b-4722-4646-9c48-0de63e6beed4', '6d7b4a6c-2c3f-4d92-92cf-fa4adb9ae3b4', 'en', 'A web platform for EMIAS company employees, designed to facilitate efficient task management and provide real-time updates on task statuses. The platform streamlines workflows and fosters collaboration among team members, enabling them to work more effectively and achieve their goals.');
INSERT INTO descriptions (project_uuid, uuid, lang, content) VALUES ('f259e99b-4722-4646-9c48-0de63e6beed4', '20576f5e-57d1-4a19-aa72-eaf312cb54b0', 'ru', 'EMIAS - это уникальная веб-платформа, разработанная специально для сотрудников компании EMIAS. Платформа предоставляет интуитивные инструменты для эффективного управления задачами, отслеживания прогресса команды и предложения идей. EMIAS также включает в себя систему наград и значков, поощряющую активность и достижения сотрудников.');
INSERT INTO descriptions (project_uuid, uuid, lang, content) VALUES ('f259e99b-4722-4646-9c48-0de63e6beed4', '1712b91f-b38b-4f22-a291-1c7ad7a24673', 'ja', 'EMIAS社の従業員向けに設計されたウェブプラットフォームは、効率的なタスク管理を促進し、タスクのステータスに関するリアルタイムの更新を提供します。プラットフォームはワークフローを合理化し、チームメンバー間の協力を促進し、彼らがより効果的に働き、目標を達成することができるようにします。');
INSERT INTO descriptions (project_uuid, uuid, lang, content) VALUES ('f259e99b-4722-4646-9c48-0de63e6beed4', 'cd729189-84f8-4b65-b168-adb302636713', 'de', 'Eine Webplattform für Mitarbeiter des Unternehmens EMIAS, die darauf abzielt, ein effizientes Aufgabenmanagement zu ermöglichen und Echtzeit-Updates zu Aufgabenstatus bereitzustellen. Die Plattform optimiert Arbeitsabläufe und fördert die Zusammenarbeit zwischen Teammitgliedern, sodass sie effektiver arbeiten und ihre Ziele erreichen können.');
INSERT INTO descriptions (project_uuid, uuid, lang, content) VALUES ('f259e99b-4722-4646-9c48-0de63e6beed4', '8ccba227-e47b-4ca3-8349-93767a5dc319', 'tr', 'EMIAS şirketi çalışanları için tasarlanmış, etkili görev yönetimini kolaylaştırmak ve görev durumlarına ilişkin gerçek zamanlı güncellemeler sağlamak amacıyla oluşturulan bir web platformu. Platform, iş akışlarını düzenler ve ekip üyeleri arasında işbirliğini teşvik eder, böylece daha etkili çalışmalarını ve hedeflerine ulaşmalarını sağlar.');
INSERT INTO descriptions (project_uuid, uuid, lang, content) VALUES ('f259e99b-4722-4646-9c48-0de63e6beed4', '4c1e025f-fbe6-4e3f-b471-6cafb2d8b4ef', 'fr', 'Une plateforme web pour les employés de l''entreprise EMIAS, conçue pour faciliter la gestion efficace des tâches et fournir des mises à jour en temps réel sur l''état des tâches. La plateforme rationalise les flux de travail et favorise la collaboration entre les membres de l''équipe, leur permettant de travailler plus efficacement et d''atteindre leurs objectifs.');
INSERT INTO features (project_uuid, uuid, lang, content) VALUES ('f259e99b-4722-4646-9c48-0de63e6beed4', '58c39ea3-7e7f-4d4e-98c6-0fbf8fca17eb', 'ja', '従業員のためのパーソナルダッシュボード：EMIASは、各従業員のパーソナルダッシュボードを備えており、タスクを管理し、整理された状態を維持することができます。');
INSERT INTO features (project_uuid, uuid, lang, content) VALUES ('f259e99b-4722-4646-9c48-0de63e6beed4', '270bb67c-1ba5-4682-8736-9d81cff47022', 'ja', 'アイデア提出機能：チームメンバーは自分のアイデアを提案することができ、協力的で革新的な作業環境を促進します。');
INSERT INTO features (project_uuid, uuid, lang, content) VALUES ('f259e99b-4722-4646-9c48-0de63e6beed4', 'c7408859-0c6a-4f79-a2a9-04593528b123', 'ja', 'チームの進捗状況の追跡：従業員はチームの進捗状況を監視し、プロジェクト内の最新の動向に常に最新情報を保つことができます。');
INSERT INTO features (project_uuid, uuid, lang, content) VALUES ('f259e99b-4722-4646-9c48-0de63e6beed4', 'bc53da27-d9d6-403d-9c22-5243f6ba5d55', 'ja', '功績のあるユーザーにバッジを授与する：プラットフォームは、管理者が特別なバッジを授与することで、優れた従業員を認識し、報われることができます。');
INSERT INTO features (project_uuid, uuid, lang, content) VALUES ('f259e99b-4722-4646-9c48-0de63e6beed4', '9d349077-0031-4841-ae95-614236ac7691', 'en', 'Personal dashboard for employees: EMIAS features a personal dashboard for each employee, allowing them to manage their tasks and stay organized.');
INSERT INTO features (project_uuid, uuid, lang, content) VALUES ('f259e99b-4722-4646-9c48-0de63e6beed4', 'bed5a9b6-9867-47e2-aeae-3d1900fdde72', 'en', 'Idea submission capability: Team members can propose their own ideas, fostering a collaborative and innovative work environment.');
INSERT INTO features (project_uuid, uuid, lang, content) VALUES ('f259e99b-4722-4646-9c48-0de63e6beed4', '0b70cd14-16a1-47c2-ad45-c920c00fe61e', 'en', 'Team progress tracking: Employees can monitor their team''''s progress and stay up-to-date on the latest developments within their projects.');
INSERT INTO features (project_uuid, uuid, lang, content) VALUES ('f259e99b-4722-4646-9c48-0de63e6beed4', 'f0e63167-f0a2-4bb2-8e9f-5a914b01fc48', 'en', 'Awarding badges to deserving users: The platform allows administrators to recognize and reward outstanding employees by granting them special badges.');
INSERT INTO features (project_uuid, uuid, lang, content) VALUES ('f259e99b-4722-4646-9c48-0de63e6beed4', '8ad009a2-79de-4f81-9eae-c5d796dd7cb2', 'ru', 'Личный кабинет для сотрудников: Каждый сотрудник имеет доступ к своему личному кабинету, где он может управлять своими задачами, отслеживать выполнение и следить за актуальным статусом работы.');
INSERT INTO features (project_uuid, uuid, lang, content) VALUES ('f259e99b-4722-4646-9c48-0de63e6beed4', 'b5973ec7-9b9a-42d4-89e6-fbdef9973920', 'ru', 'Возможность предлагать идеи: Сотрудники могут предлагать свои идеи для улучшения процессов, продуктов или услуг компании, обсуждать их с коллегами и реализовывать наиболее перспективные предложения.');
INSERT INTO features (project_uuid, uuid, lang, content) VALUES ('f259e99b-4722-4646-9c48-0de63e6beed4', '3e75bc6a-48d0-4f86-a4d8-04dbf294d972', 'ru', 'Просмотр прогресса команды: Платформа предоставляет возможность просматривать общий прогресс команды, отслеживать выполнение задач и сравнивать результаты разных подразделений.');
INSERT INTO features (project_uuid, uuid, lang, content) VALUES ('f259e99b-4722-4646-9c48-0de63e6beed4', '14036cd0-197b-4a5c-b9bf-51c9de3d4364', 'ru', 'Система наград и значков: EMIAS включает систему значков, которые могут быть присвоены сотрудникам за особые достижения, активность или вклад в развитие компании. Это способствует мотивации и вовлеченности персонала.');
INSERT INTO features (project_uuid, uuid, lang, content) VALUES ('f259e99b-4722-4646-9c48-0de63e6beed4', '1e3c4719-39c5-4806-9ea0-b6e83ce6801a', 'de', 'Persönliches Dashboard für Mitarbeiter: EMIAS bietet jedem Mitarbeiter ein persönliches Dashboard, mit dem sie ihre Aufgaben verwalten und organisiert bleiben können.');
INSERT INTO features (project_uuid, uuid, lang, content) VALUES ('f259e99b-4722-4646-9c48-0de63e6beed4', '48138224-f8a6-401e-9d11-d7672736a6b8', 'de', 'Ideen-Einreichungsfunktion: Teammitglieder können eigene Ideen vorschlagen und so eine kollaborative und innovative Arbeitsumgebung fördern.');
INSERT INTO features (project_uuid, uuid, lang, content) VALUES ('f259e99b-4722-4646-9c48-0de63e6beed4', 'a0435b8c-6907-4e9f-8a83-4f5159d5ee06', 'de', 'Team-Fortschrittsverfolgung: Mitarbeiter können den Fortschritt ihres Teams überwachen und über die neuesten Entwicklungen in ihren Projekten auf dem Laufenden bleiben.');
INSERT INTO features (project_uuid, uuid, lang, content) VALUES ('f259e99b-4722-4646-9c48-0de63e6beed4', 'a54b3ca6-97d6-4708-964c-caca72566244', 'de', 'Verleihung von Abzeichen an verdiente Benutzer: Die Plattform ermöglicht es Administratoren, herausragende Mitarbeiter durch die Vergabe von besonderen Abzeichen zu würdigen und zu belohnen.');
INSERT INTO features (project_uuid, uuid, lang, content) VALUES ('f259e99b-4722-4646-9c48-0de63e6beed4', '69b15944-a9fc-413a-9785-8074513c3bbc', 'tr', 'Çalışanlar için kişisel kontrol paneli: EMIAS, çalışanların görevlerini yönetmelerine ve organize kalmalarına olanak tanıyan her çalışan için kişisel bir kontrol paneli sunar.');
INSERT INTO features (project_uuid, uuid, lang, content) VALUES ('f259e99b-4722-4646-9c48-0de63e6beed4', '72d676c5-2873-4666-8d6d-23affefe4cd8', 'tr', 'Fikir sunma yeteneği: Ekip üyeleri kendi fikirlerini önererek işbirlikçi ve yenilikçi bir çalışma ortamını teşvik edebilir.');
INSERT INTO features (project_uuid, uuid, lang, content) VALUES ('f259e99b-4722-4646-9c48-0de63e6beed4', '428748e8-4c14-4a19-abfe-8ffdd6310e0f', 'tr', 'Takım ilerlemesini takip etme: Çalışanlar, takımlarının ilerlemesini izleyebilir ve projelerindeki en son gelişmeler konusunda güncel kalabilir.');
INSERT INTO features (project_uuid, uuid, lang, content) VALUES ('f259e99b-4722-4646-9c48-0de63e6beed4', '19fea266-324e-4383-a5d5-09e99e144f12', 'tr', 'Hak eden kullanıcılara rozet verme: Platform, yöneticilerin başarılı çalışanları özel rozetler vererek tanımalarına ve ödüllendirmelerine olanak tanır.');
INSERT INTO features (project_uuid, uuid, lang, content) VALUES ('f259e99b-4722-4646-9c48-0de63e6beed4', '2c68aa51-43e5-4f61-8826-c97a1763bca6', 'fr', 'Tableau de bord personnel pour les employés : EMIAS dispose d''''un tableau de bord personnel pour chaque employé, ce qui leur permet de gérer leurs tâches et de rester organisés.');
INSERT INTO features (project_uuid, uuid, lang, content) VALUES ('f259e99b-4722-4646-9c48-0de63e6beed4', 'c01c22e0-cf43-4ae7-a9b5-af58d7d53ced', 'fr', 'Capacité de soumission d''''idées : Les membres de l''''équipe peuvent proposer leurs propres idées, favorisant un environnement de travail collaboratif et innovant.');
INSERT INTO features (project_uuid, uuid, lang, content) VALUES ('f259e99b-4722-4646-9c48-0de63e6beed4', '103b2f06-bac7-4990-8ed7-7ae0b45ee563', 'fr', 'Suivi de la progression de l''''équipe : Les employés peuvent suivre la progression de leur équipe et rester informés des derniers développements au sein de leurs projets.');
INSERT INTO features (project_uuid, uuid, lang, content) VALUES ('f259e99b-4722-4646-9c48-0de63e6beed4', '8f5797cc-5e54-4c93-83bb-1a160b862ea6', 'fr', 'Attribution de badges aux utilisateurs méritants : La plateforme permet aux administrateurs de reconnaître et de récompenser les employés exceptionnels en leur accordant des badges spéciaux.');
INSERT INTO photos (project_uuid, uuid, path) VALUES ('f259e99b-4722-4646-9c48-0de63e6beed4', '88c13153-9e95-4b11-b26a-6a1aadb45628', 'emias/1');
INSERT INTO photos (project_uuid, uuid, path) VALUES ('f259e99b-4722-4646-9c48-0de63e6beed4', '01892144-90ab-45a4-b0a1-400ed84e73a3', 'emias/2');
INSERT INTO photos (project_uuid, uuid, path) VALUES ('f259e99b-4722-4646-9c48-0de63e6beed4', 'f6967e56-8219-4cab-8939-4e7b5df5e0d0', 'emias/3');
INSERT INTO subtitles( project_uuid, uuid, lang, content) VALUES ('f259e99b-4722-4646-9c48-0de63e6beed4', 'a2fb0bd6-3cfb-49e3-9210-56ebe1e6220b', 'en', 'Web platform for EMIAS emploees');
INSERT INTO subtitles( project_uuid, uuid, lang, content) VALUES ('f259e99b-4722-4646-9c48-0de63e6beed4', '5103e593-8abd-496f-ab93-4e2ae0d2b3da', 'ru', 'Веб-платформа для сотрудников компании EMIAS');
INSERT INTO subtitles( project_uuid, uuid, lang, content) VALUES ('f259e99b-4722-4646-9c48-0de63e6beed4', '993f2340-5dc6-4c4e-957c-3c34e9dbe9be', 'ja', 'EMIAS従業員向けのウェブプラットフォーム');
INSERT INTO subtitles( project_uuid, uuid, lang, content) VALUES ('f259e99b-4722-4646-9c48-0de63e6beed4', '3783f85d-fa73-42e9-969f-b8bbe5db4c24', 'de', 'Webplattform für EMIAS-Mitarbeiter');
INSERT INTO subtitles( project_uuid, uuid, lang, content) VALUES ('f259e99b-4722-4646-9c48-0de63e6beed4', '328b7326-411f-40e1-82ac-7e346b851f47', 'tr', 'EMIAS çalışanları için web platformu');
INSERT INTO subtitles( project_uuid, uuid, lang, content) VALUES ('f259e99b-4722-4646-9c48-0de63e6beed4', '82ff9b3e-fa6b-4d08-9ba1-9f3980682a65', 'fr', 'Plateforme web pour les employés d''EMIAS');


-- Project "U.Business"
INSERT INTO projects (uuid, photo_url, title, categories) VALUES ('cde03dbb-30ff-4704-91d7-20d8466159c1', 'u-business/preview', 'U.Business', '2');
INSERT INTO cards (project_uuid,  uuid,  title,  sub_title) VALUES ('cde03dbb-30ff-4704-91d7-20d8466159c1', 'eeb76b35-dbbc-4059-a110-345435f8b28f', 'Front-end', 'NextJs, i18n');
INSERT INTO descriptions (project_uuid, uuid, lang, content) VALUES ('cde03dbb-30ff-4704-91d7-20d8466159c1', '07f8cb05-4dda-422d-8273-b3063212e615', 'en', 'A multilingual website built using Next.js for a company. U.Business features an admin panel for easy text editing, providing a user-friendly experience for both site administrators and visitors.');
INSERT INTO descriptions (project_uuid, uuid, lang, content) VALUES ('cde03dbb-30ff-4704-91d7-20d8466159c1', '4727c833-1354-472a-ab3d-eeb293f74a10', 'ru', 'U.Business - это современный и функциональный сайт, разработанный на next.js для компании, предоставляющий мультиязычность и удобную админ-панель для редактирования текста. Сайт обеспечивает гибкость и адаптивность, позволяя компании обращаться к международному рынку с помощью интуитивно понятного и простого в управлении веб-ресурса.');
INSERT INTO descriptions (project_uuid, uuid, lang, content) VALUES ('cde03dbb-30ff-4704-91d7-20d8466159c1', '22072b88-d6ea-4637-9170-f30b2c48ddee', 'ja', '企業向けにNext.jsを使用して構築された多言語ウェブサイトです。U.Businessは、テキスト編集が簡単な管理パネルを備えており、サイト管理者と訪問者の両方にとって使いやすい体験を提供します。');
INSERT INTO descriptions (project_uuid, uuid, lang, content) VALUES ('cde03dbb-30ff-4704-91d7-20d8466159c1', '6b4a426d-fb3f-497e-945a-12fded4c6215', 'de', 'Eine mehrsprachige Website, die mit Next.js für ein Unternehmen erstellt wurde. U.Business verfügt über ein Admin-Panel für einfache Textbearbeitung und bietet eine benutzerfreundliche Erfahrung für Administratoren und Besucher der Website.');
INSERT INTO descriptions (project_uuid, uuid, lang, content) VALUES ('cde03dbb-30ff-4704-91d7-20d8466159c1', '2d8e26bb-169a-421d-81eb-1501eac85ecb', 'tr', 'Bir şirket için Next.js kullanılarak oluşturulan çok dilli bir web sitesi. U.Business, hem site yöneticileri hem de ziyaretçiler için kullanıcı dostu bir deneyim sunan, kolay metin düzenleme için bir yönetici paneline sahiptir.');
INSERT INTO descriptions (project_uuid, uuid, lang, content) VALUES ('cde03dbb-30ff-4704-91d7-20d8466159c1', '653f4c02-6a77-4e91-895c-7dba7290e62e', 'fr', 'Un site web multilingue construit en utilisant Next.js pour une entreprise. U.Business dispose d''un panneau d''administration pour faciliter la modification du texte, offrant une expérience conviviale pour les administrateurs du site et les visiteurs.');
INSERT INTO features (project_uuid, uuid, lang, content) VALUES ('cde03dbb-30ff-4704-91d7-20d8466159c1', '22b2b146-0319-40e5-8ada-8290f8fc2298', 'ja', 'テキスト編集用の管理パネル：U.Businessには、ウェブサイトのコンテンツが最新かつ関連性のある状態を維持できるように、シンプルなテキスト編集が可能な管理パネルが含まれています。');
INSERT INTO features (project_uuid, uuid, lang, content) VALUES ('cde03dbb-30ff-4704-91d7-20d8466159c1', '96779128-06ae-4008-9893-877435de5506', 'ja', 'i18nを使用した多言語対応：ウェブサイトはi18nで構築されており、複数の言語をシームレスにサポートし、多様なユーザーに対応しています。');
INSERT INTO features (project_uuid, uuid, lang, content) VALUES ('cde03dbb-30ff-4704-91d7-20d8466159c1', 'cf2a306b-e912-45ff-b854-e72e2a0e2ddb', 'en', 'Admin panel for text editing: U.Business includes an admin panel that allows for simple text editing, ensuring that the website''''s content remains up-to-date and relevant.');
INSERT INTO features (project_uuid, uuid, lang, content) VALUES ('cde03dbb-30ff-4704-91d7-20d8466159c1', 'ca5729e1-9da7-4ac3-8d13-8a4762255b65', 'en', 'Multilingual support with i18n: The website is built with i18n, enabling seamless support for multiple languages and catering to a diverse range of users.');
INSERT INTO features (project_uuid, uuid, lang, content) VALUES ('cde03dbb-30ff-4704-91d7-20d8466159c1', '586d485d-bd6b-4b57-bbc5-a42a4cda26f1', 'ru', 'Админ-панель для редактирования текста: U.Business предоставляет удобную и простую в использовании админ-панель, которая позволяет редактировать и обновлять текст на сайте без необходимости обращаться к разработчикам.');
INSERT INTO features (project_uuid, uuid, lang, content) VALUES ('cde03dbb-30ff-4704-91d7-20d8466159c1', 'dcb5e75b-e02e-4062-bf15-f826ae3462c6', 'ru', 'Мультиязычность с помощью i18n: Благодаря интеграции с библиотекой i18n, сайт поддерживает мультиязычность и позволяет компании легко добавлять новые языковые версии, адаптируясь к потребностям международного рынка.');
INSERT INTO features (project_uuid, uuid, lang, content) VALUES ('cde03dbb-30ff-4704-91d7-20d8466159c1', 'c1c21ecd-ba8a-4bfb-95d4-ad5cb95445f4', 'de', 'Admin-Panel zur Textbearbeitung: U.Business beinhaltet ein Admin-Panel, das eine einfache Textbearbeitung ermöglicht und sicherstellt, dass der Inhalt der Website aktuell und relevant bleibt.');
INSERT INTO features (project_uuid, uuid, lang, content) VALUES ('cde03dbb-30ff-4704-91d7-20d8466159c1', '790e900e-8ba7-4b05-a984-8704d6e14e86', 'de', 'Mehrsprachige Unterstützung mit i18n: Die Website ist mit i18n erstellt, wodurch eine nahtlose Unterstützung für mehrere Sprachen ermöglicht wird und eine vielfältige Benutzergruppe bedient wird.');
INSERT INTO features (project_uuid, uuid, lang, content) VALUES ('cde03dbb-30ff-4704-91d7-20d8466159c1', '5bc84078-3f9c-4c76-864f-c84cea1f96e3', 'tr', 'Metin düzenleme için yönetici paneli: U.Business, web sitesi içeriğinin güncel ve ilgi çekici kalmasını sağlayan, basit metin düzenlemeye olanak tanıyan bir yönetici paneli içerir.');
INSERT INTO features (project_uuid, uuid, lang, content) VALUES ('cde03dbb-30ff-4704-91d7-20d8466159c1', 'd5919af7-2983-48e2-9c98-66f44c2fe8fb', 'tr', 'i18n ile çok dilli destek: Web sitesi, i18n ile oluşturulmuştur ve bu sayede birden fazla dilde sorunsuz destek sağlar ve çeşitli kullanıcılara hitap eder.');
INSERT INTO features (project_uuid, uuid, lang, content) VALUES ('cde03dbb-30ff-4704-91d7-20d8466159c1', '5adea7f7-b780-43ae-815d-314ba7d71f22', 'fr', 'Panneau d''''administration pour la modification du texte : U.Business comprend un panneau d''''administration qui permet une modification simple du texte, garantissant que le contenu du site reste à jour et pertinent.');
INSERT INTO features (project_uuid, uuid, lang, content) VALUES ('cde03dbb-30ff-4704-91d7-20d8466159c1', '1f7ef58a-b5e5-4d0b-aa1c-14b20c1ce933', 'fr', 'Support multilingue avec i18n : Le site web est construit avec i18n, permettant une prise en charge transparente de plusieurs langues et répondant aux besoins d''''une large gamme d''''utilisateurs.');
INSERT INTO photos (project_uuid, uuid, path) VALUES ('cde03dbb-30ff-4704-91d7-20d8466159c1', '0c4a16b2-79d2-4773-a3d4-24e2d1316439', 'u-business/1');
INSERT INTO photos (project_uuid, uuid, path) VALUES ('cde03dbb-30ff-4704-91d7-20d8466159c1', '9e1a236d-5638-4077-919d-a159df7c4702', 'u-business/2');
INSERT INTO photos (project_uuid, uuid, path) VALUES ('cde03dbb-30ff-4704-91d7-20d8466159c1', 'a0842387-7b3b-4e5f-8ab7-91eb238816c0', 'u-business/3');
INSERT INTO subtitles( project_uuid, uuid, lang, content) VALUES ('cde03dbb-30ff-4704-91d7-20d8466159c1', '1dbc743b-6094-4c53-b1b7-235294c867e0', 'en', 'Multilingual website for a company with an admin panel');
INSERT INTO subtitles( project_uuid, uuid, lang, content) VALUES ('cde03dbb-30ff-4704-91d7-20d8466159c1', 'e4db4f23-df9e-4d10-9e29-c919b12fac17', 'ru', 'Мультиязычный сайт для компании с админ-панелью');
INSERT INTO subtitles( project_uuid, uuid, lang, content) VALUES ('cde03dbb-30ff-4704-91d7-20d8466159c1', '5e7793f4-e3bf-4b0d-b5ea-ef922f3b9428', 'ja', '管理パネル付きの企業向け多言語ウェブサイト');
INSERT INTO subtitles( project_uuid, uuid, lang, content) VALUES ('cde03dbb-30ff-4704-91d7-20d8466159c1', 'c97648a2-b40e-45a7-982a-665e0a1d88f3', 'de', 'Mehrsprachige Website für ein Unternehmen mit Admin-Panel');
INSERT INTO subtitles( project_uuid, uuid, lang, content) VALUES ('cde03dbb-30ff-4704-91d7-20d8466159c1', '762d569d-b932-428f-b27f-ccc2c3db458b', 'tr', 'Yönetici paneli bulunan bir şirket için çok dilli web sitesi');
INSERT INTO subtitles( project_uuid, uuid, lang, content) VALUES ('cde03dbb-30ff-4704-91d7-20d8466159c1', '4e9abc91-47ab-40bc-a858-7b0b78cd393d', 'fr', 'Site web multilingue pour une entreprise avec un panneau d''administration');


-- Project "Secret Santa"
INSERT INTO projects (uuid, photo_url, title, categories) VALUES ('214d486e-0b5c-4f19-8a25-7399cf7bc18c', 'secret-santa/preview', 'Secret Santa', '2');
INSERT INTO cards (project_uuid,  uuid,  title,  sub_title) VALUES ('214d486e-0b5c-4f19-8a25-7399cf7bc18c', 'eb45ead3-9887-407c-8b73-8f546e4bf08e', 'Front-end', 'Vue 2, VueRouter');
INSERT INTO cards (project_uuid,  uuid,  title,  sub_title) VALUES ('214d486e-0b5c-4f19-8a25-7399cf7bc18c', '1200da36-e55e-4194-b986-520a725936d9', 'Back-end', 'Python 3, Flask, MySQL');
INSERT INTO descriptions (project_uuid, uuid, lang, content) VALUES ('214d486e-0b5c-4f19-8a25-7399cf7bc18c', '7b2738ce-9cef-4822-84d9-377a96388c98', 'en', 'A "Secret Santa" game designed for the CROC company. This traditional Christmas game involves anonymous gift exchanges among a group of participating individuals, bringing fun and festive cheer to the workplace.');
INSERT INTO descriptions (project_uuid, uuid, lang, content) VALUES ('214d486e-0b5c-4f19-8a25-7399cf7bc18c', '289d0457-ac91-4984-ac30-de523c4c6123', 'ru', 'Secret Santa - это онлайн-версия традиционной рождественской игры "Тайный Санта" для компании Croc. Цель игры - анонимный обмен подарками между участниками, работающими в разных отделах и специализациях. Secret Santa предоставляет удобный личный кабинет для управления всеми аспектами игры, а также интеллектуальный алгоритм подбора пар и рассылку писем на почту участников.');
INSERT INTO descriptions (project_uuid, uuid, lang, content) VALUES ('214d486e-0b5c-4f19-8a25-7399cf7bc18c', 'd79d8d08-54e1-4512-b52c-e4cf56716815', 'ja', 'CROC社向けにデザインされた「シークレットサンタ」というゲームです。この伝統的なクリスマスゲームは、参加者が匿名でプレゼントを交換することで、職場に楽しさと祝祭の喜びをもたらします。');
INSERT INTO descriptions (project_uuid, uuid, lang, content) VALUES ('214d486e-0b5c-4f19-8a25-7399cf7bc18c', 'efc073b0-5cb6-4965-916f-ea167af795dd', 'de', 'Ein "Wichteln"-Spiel, das für das Unternehmen CROC entwickelt wurde. Bei diesem traditionellen Weihnachtsspiel tauschen die Teilnehmer anonym Geschenke untereinander aus und bringen so Spaß und festliche Stimmung an den Arbeitsplatz.');
INSERT INTO descriptions (project_uuid, uuid, lang, content) VALUES ('214d486e-0b5c-4f19-8a25-7399cf7bc18c', 'be1e34b1-f08a-40ec-b77b-1493ee9b7132', 'tr', 'CROC şirketi için tasarlanmış bir "Secret Santa" oyunu. Bu geleneksel Noel oyunu, katılan bireyler arasında anonim hediye değişimini içerir ve iş yerine eğlence ve neşe getirir.');
INSERT INTO descriptions (project_uuid, uuid, lang, content) VALUES ('214d486e-0b5c-4f19-8a25-7399cf7bc18c', 'bdedf158-2f17-47cc-b6b0-3b625ae4c913', 'fr', 'Un jeu de "Père Noël Secret" conçu pour l''entreprise CROC. Ce jeu traditionnel de Noël implique des échanges de cadeaux anonymes entre un groupe de participants, apportant ainsi de la joie et de l''ambiance festive sur le lieu de travail.');
INSERT INTO features (project_uuid, uuid, lang, content) VALUES ('214d486e-0b5c-4f19-8a25-7399cf7bc18c', '5385a322-ce4c-4306-9b70-9e8f1d39a44b', 'ja', '多様なペアリングを作成するアルゴリズム：このゲームでは、独自のアルゴリズムを使用して、異なる専門分野や部門の参加者同士のペアを作成し、すべてのプレイヤーに多様でエンゲージングな体験を提供します。');
INSERT INTO features (project_uuid, uuid, lang, content) VALUES ('214d486e-0b5c-4f19-8a25-7399cf7bc18c', 'bacc45ee-3c2d-4912-a569-10c3690dd53f', 'ja', 'メール通知：シークレットサンタはメール通知を送信して参加者に情報を提供し、ゲーム全体を通じてスムーズなコミュニケーションが行われるようにします。');
INSERT INTO features (project_uuid, uuid, lang, content) VALUES ('214d486e-0b5c-4f19-8a25-7399cf7bc18c', '249bd32c-0c85-487b-9e53-08b783eb1eb5', 'ja', '個人用ダッシュボード機能：すべてのゲーム機能は、各参加者の個人用ダッシュボードからアクセスできるため、プレイヤーがゲームへの関与を簡単に管理できます。');
INSERT INTO features (project_uuid, uuid, lang, content) VALUES ('214d486e-0b5c-4f19-8a25-7399cf7bc18c', '354a75b2-c9e8-45bd-8aa8-0e7d01235b9f', 'en', 'Algorithm for creating diverse pairings: The game uses a unique algorithm to create pairs of participants from different specializations and departments, ensuring a diverse and engaging experience for all players.');
INSERT INTO features (project_uuid, uuid, lang, content) VALUES ('214d486e-0b5c-4f19-8a25-7399cf7bc18c', '4555a5fe-ba61-43ab-a789-67694cb615ee', 'en', 'Email notifications: Secret Santa sends out email notifications to keep participants informed and ensure smooth communication throughout the game.');
INSERT INTO features (project_uuid, uuid, lang, content) VALUES ('214d486e-0b5c-4f19-8a25-7399cf7bc18c', 'dddd05b7-c400-4825-a0ba-a998a2782d73', 'en', 'Personal dashboard features: All game functions can be accessed through each participant''''s personal dashboard, making it easy for players to manage their involvement in the game.');
INSERT INTO features (project_uuid, uuid, lang, content) VALUES ('214d486e-0b5c-4f19-8a25-7399cf7bc18c', '8974e9ea-9c58-4368-bed4-9adc88ab848e', 'ru', 'Интеллектуальный алгоритм подбора пар: Secret Santa использует алгоритм, который создает пары для обмена подарками, учитывая разные специализации и отделы участников. Это способствует интерактивности и интеграции сотрудников компании');
INSERT INTO features (project_uuid, uuid, lang, content) VALUES ('214d486e-0b5c-4f19-8a25-7399cf7bc18c', '6648d659-f3da-4c4c-b8a1-6acacdfafe73', 'ru', 'Рассылка писем на почту: Все уведомления об игре, включая информацию о вашем "Тайном Санте" и его предпочтениях, отправляются участникам на электронную почту.');
INSERT INTO features (project_uuid, uuid, lang, content) VALUES ('214d486e-0b5c-4f19-8a25-7399cf7bc18c', 'f62114aa-f45f-493c-ad12-a4aedd5db2d4', 'ru', 'Личный кабинет: Secret Santa предоставляет удобный личный кабинет, в котором участники могут управлять своим участием в игре, просматривать информацию о своем "Тайном Санте" и получать уведомления о событиях.');
INSERT INTO features (project_uuid, uuid, lang, content) VALUES ('214d486e-0b5c-4f19-8a25-7399cf7bc18c', '13cef0ea-4afa-4b5a-b4d6-836175852376', 'de', 'Algorithmus zur Erstellung vielfältiger Paarungen: Das Spiel verwendet einen einzigartigen Algorithmus, um Paare von Teilnehmern aus verschiedenen Fachgebieten und Abteilungen zu bilden und so eine abwechslungsreiche und ansprechende Erfahrung für alle Spieler zu gewährleisten.');
INSERT INTO features (project_uuid, uuid, lang, content) VALUES ('214d486e-0b5c-4f19-8a25-7399cf7bc18c', 'e82df98b-9000-4456-99cf-771e3877c8f1', 'de', 'E-Mail-Benachrichtigungen: Wichteln verschickt E-Mail-Benachrichtigungen, um die Teilnehmer auf dem Laufenden zu halten und eine reibungslose Kommunikation während des Spiels zu gewährleisten.');
INSERT INTO features (project_uuid, uuid, lang, content) VALUES ('214d486e-0b5c-4f19-8a25-7399cf7bc18c', '68d1999d-4ef9-4fcb-be6d-99bce683d755', 'de', 'Persönliche Dashboard-Funktionen: Alle Spielfunktionen können über das persönliche Dashboard jedes Teilnehmers aufgerufen werden, was es den Spielern erleichtert, ihre Beteiligung am Spiel zu verwalten.');
INSERT INTO features (project_uuid, uuid, lang, content) VALUES ('214d486e-0b5c-4f19-8a25-7399cf7bc18c', 'c5a65937-73a9-4788-9604-6239839fb010', 'tr', 'Çeşitli eşleşmeler oluşturma algoritması: Oyun, farklı uzmanlık alanlarından ve bölümlerden katılımcı çiftleri oluşturmak için benzersiz bir algoritma kullanarak tüm oyuncular için çeşitli ve ilgi çekici bir deneyim sunar.');
INSERT INTO features (project_uuid, uuid, lang, content) VALUES ('214d486e-0b5c-4f19-8a25-7399cf7bc18c', '0299cf74-631c-4feb-b377-487ba6ca042b', 'tr', 'E-posta bildirimleri: Gizli Noel Baba, katılımcıları bilgilendirmek ve oyun boyunca sorunsuz iletişim sağlamak için e-posta bildirimleri gönderir.');
INSERT INTO features (project_uuid, uuid, lang, content) VALUES ('214d486e-0b5c-4f19-8a25-7399cf7bc18c', 'c0baf7fc-69cd-4819-a5c0-d9e032e0121c', 'tr', 'Kişisel gösterge paneli özellikleri: Tüm oyun işlevleri, her katılımcının kişisel gösterge panelinden erişilebilir, böylece oyuncuların oyun içindeki katılımlarını yönetmelerini kolaylaştırır.');
INSERT INTO features (project_uuid, uuid, lang, content) VALUES ('214d486e-0b5c-4f19-8a25-7399cf7bc18c', '56586907-2f1d-40ab-92b0-03112c030ebb', 'fr', 'Algorithme de création de paires diverses : Le jeu utilise un algorithme unique pour créer des paires de participants de différentes spécialisations et départements, garantissant une expérience diversifiée et engageante pour tous les joueurs.');
INSERT INTO features (project_uuid, uuid, lang, content) VALUES ('214d486e-0b5c-4f19-8a25-7399cf7bc18c', '2eaf882c-374d-492f-90f8-b124918bc306', 'fr', 'Notifications par e-mail : Père Noël Secret envoie des notifications par e-mail pour tenir les participants informés et assurer une communication fluide tout au long du jeu.');
INSERT INTO features (project_uuid, uuid, lang, content) VALUES ('214d486e-0b5c-4f19-8a25-7399cf7bc18c', '3f14bbe3-0735-4e59-834d-3e52df5b6f9f', 'fr', 'Fonctionnalités personnelles du tableau de bord : Toutes les fonctions du jeu peuvent être accessibles via le tableau de bord personnel de chaque participant, ce qui facilite la gestion de leur participation au jeu.');
INSERT INTO photos (project_uuid, uuid, path) VALUES ('214d486e-0b5c-4f19-8a25-7399cf7bc18c', 'a58fe2da-f8de-4ed6-9473-77d8f8462dd6', 'secret-santa/1');
INSERT INTO photos (project_uuid, uuid, path) VALUES ('214d486e-0b5c-4f19-8a25-7399cf7bc18c', 'aa6d791e-062c-4ccc-a660-f8dc9a91480e', 'secret-santa/2');
INSERT INTO photos (project_uuid, uuid, path) VALUES ('214d486e-0b5c-4f19-8a25-7399cf7bc18c', '5d473af3-6cab-43f3-a577-f5c43b4fe7f9', 'secret-santa/3');
INSERT INTO subtitles( project_uuid, uuid, lang, content) VALUES ('214d486e-0b5c-4f19-8a25-7399cf7bc18c', '2ae5ebb0-1521-4a59-b189-f86c8a565e85', 'en', 'Secret Santa for company croc');
INSERT INTO subtitles( project_uuid, uuid, lang, content) VALUES ('214d486e-0b5c-4f19-8a25-7399cf7bc18c', 'fee337bc-8bdf-4c04-b12e-22294f10523d', 'ru', 'Игра "Тайный Санта" для компании croc');
INSERT INTO subtitles( project_uuid, uuid, lang, content) VALUES ('214d486e-0b5c-4f19-8a25-7399cf7bc18c', 'af0f1ccb-7a70-4f73-92ba-94923db2f0ff', 'ja', 'CROC社のためのシークレットサンタ');
INSERT INTO subtitles( project_uuid, uuid, lang, content) VALUES ('214d486e-0b5c-4f19-8a25-7399cf7bc18c', 'fbd65be1-2a82-4afc-810f-d77dfa30f079', 'de', 'Wichteln für die Firma CROC');
INSERT INTO subtitles( project_uuid, uuid, lang, content) VALUES ('214d486e-0b5c-4f19-8a25-7399cf7bc18c', '095c2ee1-759e-40bf-be60-9db359905fff', 'tr', 'Şirket timsahı için "Secret Santa"');
INSERT INTO subtitles( project_uuid, uuid, lang, content) VALUES ('214d486e-0b5c-4f19-8a25-7399cf7bc18c', '91d455fe-f7db-477c-bba5-0e4dbe2e5cc8', 'fr', 'Père Noël Secret pour l  ''entreprise CROC');
